公司,站代號,刷卡自助,GoStation,洗車類別,無鉛92,無鉛95,無鉛98,超柴
台灣中油,AA6212A03,0,0,,1,1,0,1
台灣中油,AA6212A06,1,0,,1,1,0,1
台灣中油,AA6212A08,1,0,,1,1,1,1
台灣中油,AA6212A09,0,0,,1,1,1,1
台灣中油,AA6212A10,0,0,,1,1,1,1
台灣中油,AA6212A13,0,0,,1,1,1,1
台灣中油,AA6212A14,0,0,,1,1,1,1
台灣中油,AA6212A15,0,0,,1,1,1,1
台灣中油,AA6212A16,0,0,,1,1,1,1
台灣中油,AA6212A17,0,0,,1,1,0,1
台灣中油,AA6212A19,0,0,,1,1,1,1
台灣中油,AA6212A21,0,0,,1,1,1,1
台灣中油,AA6212A24,1,0,,1,1,0,1
台灣中油,AA6212A27,0,0,,1,1,1,1
台灣中油,AA6212A28,0,0,,1,1,0,1
台灣中油,AA6212A29,0,0,,1,1,0,1
台灣中油,AA6212A30,0,0,,1,1,0,1
台灣中油,AA6212A31,0,0,,1,1,0,1
台灣中油,AA6212A32,0,0,,1,1,0,1
台灣中油,AA6212A33,0,0,,1,1,0,1
台灣中油,AA6212A35,0,0,,1,1,0,1
台灣中油,AA6212A37,1,0,,1,1,1,1
台灣中油,CC6212A03,0,0,,1,1,1,1
台灣中油,CC6212A04,0,0,,1,1,1,1
台灣中油,CC6212A10,0,0,,1,1,0,1
台灣中油,CC6212A14,0,0,,1,1,1,1
台灣中油,CC6212A15,0,0,,1,1,0,1
台灣中油,CC6212A18,1,0,,1,1,1,1
台灣中油,CC6212A19,0,0,,1,1,1,1
台灣中油,CC6212A23,0,0,,1,1,1,1
台灣中油,CC6212A29,1,0,,1,1,1,1
台灣中油,CC6212A30,0,0,,1,1,0,1
台灣中油,CC6212A31,0,0,,1,1,1,1
台灣中油,CC6212A32,0,0,,1,1,0,1
台灣中油,CC6212A33,0,0,,1,1,0,1
台灣中油,CC6212A36,0,0,,1,1,1,1
台灣中油,CC6212A45,0,0,,1,1,0,1
台灣中油,CC6212A46,0,0,,1,1,0,1
台灣中油,CC6212A47,0,0,,1,1,1,1
台灣中油,CC6212A49,0,0,,1,1,1,1
台灣中油,CC6212A52,0,0,,1,1,1,1
台灣中油,CC6212A54,1,0,,1,1,1,1
台灣中油,CC6212A59,0,0,,1,1,1,0
台灣中油,CC6212A60,0,0,,1,1,1,1
台灣中油,CC6212A63,1,0,,1,1,1,1
台灣中油,CC6212A64,1,0,,1,1,1,1
台灣中油,CC6212A66,1,0,,1,1,1,1
台灣中油,CC6212A67,0,0,,1,1,0,1
台灣中油,CC6212A70,0,0,,1,1,1,0
台灣中油,CC6212A73,1,0,,1,1,1,1
台灣中油,CC6212A76,0,0,,1,1,0,1
台灣中油,CC6212A80,0,0,,1,1,0,1
台灣中油,CC6212A82,0,0,,1,1,1,0
台灣中油,CC6212A83,0,0,,1,1,1,1
台灣中油,CC6212A84,0,0,,1,1,1,1
台灣中油,CC6212A87,1,0,,1,1,1,1
台灣中油,CC6212A90,0,0,,1,1,1,1
台灣中油,CC6212A92,0,0,,1,1,1,1
台灣中油,CC6212A96,0,0,,1,1,1,1
台灣中油,CC6212A97,0,0,,1,1,1,1
台灣中油,CC6212B03,0,0,,1,1,1,1
台灣中油,CC6212B04,0,0,,1,1,0,1
台灣中油,CC6212B05,1,0,,1,1,1,1
台灣中油,CC6212B06,1,0,,1,1,1,1
台灣中油,CC6212B08,0,0,,1,1,1,1
台灣中油,CC6212B09,0,0,,1,1,1,1
台灣中油,CC6212B10,0,0,,1,1,0,1
台灣中油,CC6212B11,1,0,,1,1,1,1
台灣中油,CC6212B13,0,0,,1,1,0,1
台灣中油,CC6212B21,0,0,,1,1,1,1
台灣中油,CC6212B24,0,0,,1,1,1,1
台灣中油,CC6212B27,0,0,,1,1,1,1
台灣中油,CC6212B28,0,0,,1,1,1,1
台灣中油,CC6212B32,0,0,,1,1,1,1
台灣中油,CC6212B37,1,0,,1,1,1,1
台灣中油,CC6212B42,0,0,,1,1,1,1
台灣中油,CC6212B44,0,0,,1,1,0,1
台灣中油,CC6212B47,0,0,,1,1,0,1
台灣中油,CC6212B48,0,0,,1,1,1,1
台灣中油,CC6212B50,0,0,,1,1,1,1
台灣中油,CC6212B51,1,0,,1,1,1,1
台灣中油,CC6212B55,0,0,,1,1,1,1
台灣中油,CC6212B56,0,0,,1,1,1,1
台灣中油,CC6212B57,0,0,,1,1,1,1
台灣中油,CC6212B59,0,0,,1,1,1,1
台灣中油,CC6212B60,0,0,,1,1,1,1
台灣中油,CC6212B61,0,0,,1,1,1,1
台灣中油,CC6212B62,0,0,,1,1,0,1
台灣中油,CC6212B64,0,0,,1,1,1,1
台灣中油,CC6212B65,0,0,,1,1,1,1
台灣中油,CC6212B66,1,0,,1,1,1,1
台灣中油,CC6212B70,0,0,,1,1,1,1
台灣中油,CC6212B71,0,0,,1,1,1,1
台灣中油,CC6212B72,0,0,,1,1,1,1
台灣中油,CC6212B77,0,0,,1,1,0,1
台灣中油,CC6212B79,0,0,,1,1,1,1
台灣中油,CC6212B82,0,0,,1,1,1,1
台灣中油,CC6212B83,0,0,,1,1,1,1
台灣中油,CC6212B94,1,0,,1,1,1,1
台灣中油,CC6212B97,0,0,,1,1,0,1
台灣中油,CC6212B98,0,0,,1,1,1,1
台灣中油,CC6212C01,0,0,,1,1,0,1
台灣中油,CC6212C02,0,0,,1,1,1,1
台灣中油,CC6212C03,1,0,,1,1,1,1
台灣中油,CC6212C10,0,0,,1,1,1,1
台灣中油,CC6212C11,0,0,,1,1,1,1
台灣中油,CC6212C13,0,0,,1,1,0,1
台灣中油,CC6212C15,0,0,,1,1,1,1
台灣中油,CC6212C17,0,0,,1,1,1,1
台灣中油,CC6212C20,0,0,,1,1,0,1
台灣中油,CC6212C22,0,0,,1,1,0,1
台灣中油,CC6212C25,0,0,,1,1,1,1
台灣中油,CC6212C27,0,0,,1,1,1,1
台灣中油,CC6212C28,0,0,,1,1,1,1
台灣中油,CC6212C29,0,0,,1,1,1,0
台灣中油,CC6212C33,0,0,,1,1,1,1
台灣中油,CC6212C35,0,0,,1,1,1,1
台灣中油,CC6212C42,0,0,,1,1,0,1
台灣中油,CC6212C44,1,0,,1,1,1,1
台灣中油,CC6212C45,0,0,,1,1,1,1
台灣中油,CC6212C46,1,0,,1,1,1,1
台灣中油,CC6212C49,0,0,,1,1,1,1
台灣中油,CC6212C50,0,0,,1,1,1,1
台灣中油,CC6212C51,0,0,,1,1,0,1
台灣中油,CC6212C54,1,0,,1,1,1,1
台灣中油,CC6212C57,0,0,,1,1,1,1
台灣中油,CC6212C58,0,0,,1,1,1,1
台灣中油,CC6212C59,1,0,,1,1,1,1
台灣中油,CC6212C60,0,0,,1,1,1,1
台灣中油,CC6212C64,0,0,,1,1,1,1
台灣中油,CC6212C65,0,0,,1,1,1,1
台灣中油,CC6212C68,1,0,,1,1,1,1
台灣中油,CC6212C73,0,0,,1,1,1,1
台灣中油,CC6212C75,0,0,,1,1,1,1
台灣中油,CC6212C80,0,0,,1,1,1,1
台灣中油,CC6212C81,0,0,,0,1,0,1
台灣中油,CC6212C82,0,0,,1,1,1,0
台灣中油,CC6212C86,0,0,,1,1,1,1
台灣中油,CC6212C87,0,0,,1,1,1,1
台灣中油,CC6212C94,1,0,,1,1,1,1
台灣中油,CC6212D01,0,0,,1,1,1,1
台灣中油,CC6212D06,0,0,,1,1,1,1
台灣中油,CC6212D08,0,0,,1,1,1,1
台灣中油,CC6212D13,0,0,,1,1,0,1
台灣中油,CC6212D19,1,0,,1,1,1,1
台灣中油,CC6212D20,0,0,,1,1,0,1
台灣中油,CC6212D25,0,0,,1,1,0,1
台灣中油,CC6212D26,0,0,,1,1,1,1
台灣中油,CC6212D27,0,0,,1,1,1,1
台灣中油,CC6212D29,0,0,,1,1,1,1
台灣中油,CC6212D36,0,0,,1,1,1,1
台灣中油,CC6212D38,0,0,,1,1,1,1
台灣中油,CC6212D43,0,0,,1,1,1,1
台灣中油,CC6212D47,0,0,,1,1,1,1
台灣中油,CC6212D48,0,0,,1,1,1,1
台灣中油,CC6212D50,0,0,,1,1,1,1
台灣中油,CC6212D51,0,0,,1,1,0,1
台灣中油,CC6212D52,0,0,,1,1,1,1
台灣中油,CC6212D54,0,0,,1,1,1,1
台灣中油,CC6212D55,1,0,,1,1,1,1
台灣中油,CC6212D56,0,0,,1,1,1,1
台灣中油,CC6212D58,0,0,,1,1,1,1
台灣中油,CC6212D61,0,0,,1,1,1,1
台灣中油,CC6212D62,0,0,,1,1,1,1
台灣中油,CC6212D63,0,0,,1,1,1,1
台灣中油,CC6212D67,0,0,,1,1,1,1
台灣中油,CC6212D69,1,0,,1,1,1,1
台灣中油,CC6212D72,0,0,,1,1,1,1
台灣中油,CC6212D75,1,0,,1,1,0,1
台灣中油,CC6212D76,0,0,,1,1,0,1
台灣中油,CC6212D77,1,0,,1,1,1,1
台灣中油,CC6212D78,1,0,,1,1,1,1
台灣中油,CC6212D82,1,0,,1,1,1,1
台灣中油,CC6212D85,0,0,,1,1,1,1
台灣中油,CC6212D86,0,0,,1,1,0,1
台灣中油,CC6212D87,0,0,,1,1,1,1
台灣中油,CC6212D89,0,0,,1,1,1,1
台灣中油,CC6212D91,0,0,,1,1,1,1
台灣中油,CC6212D94,0,0,,1,1,1,1
台灣中油,CC6212D99,0,0,,1,1,0,1
台灣中油,CC6212E02,0,0,,1,1,1,1
台灣中油,CC6212E03,1,0,,1,1,0,1
台灣中油,CC6212E04,0,0,,1,1,0,1
台灣中油,CC6212E05,0,0,,1,1,1,1
台灣中油,CC6212E06,1,0,,1,1,1,1
台灣中油,CC6212E07,1,0,,1,1,1,1
台灣中油,CC6212E08,0,0,,1,1,1,1
台灣中油,CC6212E11,0,0,,1,1,1,1
台灣中油,CC6212E14,0,0,,1,1,1,1
台灣中油,CC6212E15,0,0,,1,1,1,1
台灣中油,CC6212E16,0,0,,1,1,1,1
台灣中油,CC6212E17,0,0,,1,1,0,1
台灣中油,CC6212E19,1,0,,1,1,1,1
台灣中油,CC6212E22,0,0,,1,1,1,1
台灣中油,CC6212E24,0,0,,1,1,1,1
台灣中油,CC6212E25,0,0,,1,1,1,1
台灣中油,CC6212E27,0,0,,1,1,1,1
台灣中油,CC6212E29,0,0,,1,1,1,1
台灣中油,CC6212E30,1,0,,1,1,1,1
台灣中油,CC6212E32,0,0,,1,1,1,1
台灣中油,CC6212E33,0,0,,1,1,0,1
台灣中油,CC6212E34,0,0,,1,1,1,1
台灣中油,CC6212E36,1,0,,1,1,1,1
台灣中油,CC6212E37,0,0,,1,1,1,1
台灣中油,CC6212E39,1,0,,1,1,1,1
台灣中油,CC6212E41,0,0,,1,1,1,1
台灣中油,CC6212E42,0,0,,1,1,1,1
台灣中油,CC6212E46,0,0,,1,1,1,1
台灣中油,CC6212E47,0,0,,1,1,1,1
台灣中油,CC6212E48,0,0,,1,1,1,1
台灣中油,CC6212E53,1,0,,1,1,1,1
台灣中油,CC6212E54,0,0,,1,1,1,1
台灣中油,CC6212E55,0,0,,1,1,1,1
台灣中油,CC6212E56,1,0,,1,1,1,1
台灣中油,CC6212E58,0,0,,1,1,1,1
台灣中油,CC6212E61,0,0,,1,1,1,1
台灣中油,CC6212E63,0,0,,1,1,1,1
台灣中油,CC6212E64,0,0,,1,1,0,1
台灣中油,CC6212E65,0,0,,1,1,1,1
台灣中油,CC6212E66,0,0,,1,1,1,1
台灣中油,CC6212E67,0,0,,1,1,1,1
台灣中油,CC6212E68,0,0,,1,1,1,1
台灣中油,CC6212E70,1,0,,1,1,1,1
台灣中油,CC6212E71,0,0,,1,1,0,1
台灣中油,CC6212E72,0,0,,1,1,1,1
台灣中油,CC6212E74,0,0,,1,1,1,1
台灣中油,CC6212E75,0,0,,1,1,1,1
台灣中油,CC6212E78,0,0,,1,1,1,1
台灣中油,CC6212E79,0,0,,1,1,1,1
台灣中油,CC6212E80,0,0,,1,1,1,1
台灣中油,CC6212E81,0,0,,1,1,1,1
台灣中油,CC6212E83,0,0,,1,1,1,1
台灣中油,CC6212E84,0,0,,1,1,1,1
台灣中油,CC6212E85,1,0,,1,1,1,1
台灣中油,CC6212E86,0,0,,1,1,1,1
台灣中油,CC6212E88,1,0,,1,1,1,1
台灣中油,CC6212E90,0,0,,1,1,1,1
台灣中油,CC6212E91,0,0,,1,1,1,1
台灣中油,CC6212E92,0,0,,1,1,1,1
台灣中油,CC6212E93,0,0,,1,1,1,0
台灣中油,CC6212E94,0,0,,1,1,1,1
台灣中油,CC6212E95,0,0,,1,1,1,1
台灣中油,CC6212E96,1,0,,1,1,1,1
台灣中油,CC6212E97,0,0,,1,1,1,1
台灣中油,CC6212E98,0,0,,1,1,1,1
台灣中油,CC6212E99,1,0,,1,1,1,1
台灣中油,CC6212F01,0,0,,1,1,1,0
台灣中油,CC6212F02,1,0,,1,1,1,0
台灣中油,CC6212F04,1,0,,1,1,1,1
台灣中油,CC6212F05,0,0,,1,1,1,1
台灣中油,CC6212F06,0,0,,1,1,1,1
台灣中油,CC6212F07,1,0,,1,1,1,1
台灣中油,CC6212F08,0,0,,1,1,1,1
台灣中油,CC6212F09,0,0,,1,1,0,1
台灣中油,CC6212F10,1,0,,1,1,1,1
台灣中油,CC6212F11,0,0,,1,1,1,1
台灣中油,CC6212F12,1,0,,1,1,1,1
台灣中油,CC6212F13,1,0,,1,1,1,1
台灣中油,CC6212F14,1,0,,1,1,0,1
台灣中油,CC6212F15,0,0,,1,1,1,1
台灣中油,CC6212F16,0,0,,1,1,1,1
台灣中油,CC6212F17,0,0,,1,1,0,1
台灣中油,CC6212F52,1,0,,1,1,1,1
台灣中油,CC6212F54,0,0,,1,1,1,1
台灣中油,CC6212F61,0,0,,1,1,0,1
台灣中油,CC6212F64,1,0,,1,1,1,0
台灣中油,CC6212F65,0,0,,1,1,1,1
台灣中油,CC6212F72,0,0,,1,1,1,1
台灣中油,CC6212F73,0,0,,1,1,1,1
台灣中油,CC6212F75,0,0,,1,1,1,1
台灣中油,CC6212F76,0,0,,1,1,1,1
台灣中油,CC6212F78,0,0,,1,1,1,1
台灣中油,CC6212F79,0,0,,1,1,1,1
台灣中油,CC6212F80,0,0,,1,1,1,1
台灣中油,CC6212F81,0,0,,1,1,1,1
台灣中油,CC6212F82,1,0,,1,1,1,0
台灣中油,CC6212F83,0,0,,1,1,1,1
台灣中油,CC6212F84,0,0,,1,1,1,1
台灣中油,CC6212F85,1,0,,1,1,0,1
台灣中油,CC6212F86,1,0,,1,1,1,1
台灣中油,CC6212F87,0,0,,1,1,1,1
台灣中油,CC6212F88,1,0,,1,1,1,1
台灣中油,CC6212F89,0,0,,1,1,1,1
台灣中油,CC6212F90,0,0,,1,1,1,1
台灣中油,CC6212F91,1,0,,1,1,1,0
台灣中油,CC6212F93,0,0,,1,1,1,1
台灣中油,CC6212F94,0,0,,1,1,0,1
台灣中油,CC6212F95,0,0,,1,1,1,1
台灣中油,CC6212F96,0,0,,1,1,1,1
台灣中油,CC6212F97,0,0,,1,1,1,1
台灣中油,CC6212F99,0,0,,1,1,0,1
台灣中油,CC6212G03,0,0,,1,1,1,1
台灣中油,CC6212G21,0,0,,1,1,1,1
台灣中油,CC6212G22,0,0,,1,1,1,1
台灣中油,CC6212G23,1,0,,1,1,1,1
台灣中油,CC6212G28,0,0,,1,1,0,1
台灣中油,CC6212G29,0,0,,1,1,1,1
台灣中油,CC6212G31,0,0,,1,1,0,1
台灣中油,CC6212G41,0,0,,1,1,1,1
台灣中油,CC6212G46,1,0,,1,1,1,1
台灣中油,CC6212G49,1,0,,1,1,1,1
台灣中油,CC6212G50,1,0,,1,1,1,1
台灣中油,CC6212G52,1,0,,1,1,1,1
台灣中油,CC6212G54,1,0,,1,1,1,1
台灣中油,CC6212G60,0,0,,1,1,1,1
台灣中油,CC6212G67,1,0,,1,1,1,1
台灣中油,CC6212G68,1,0,,1,1,1,1
台灣中油,CC6212G69,1,0,,1,1,1,1
台灣中油,CC6212G73,1,0,,1,1,1,1
台灣中油,CC6212G74,0,0,,1,1,1,1
台灣中油,CC6212G77,0,0,,1,1,1,1
台灣中油,CC6212G81,1,0,,1,1,1,1
台灣中油,CC6212G86,1,0,,1,1,1,1
台灣中油,CC6212G87,0,0,,1,1,1,1
台灣中油,CC6212G90,0,0,,1,1,1,1
台灣中油,CC6212G91,0,0,,1,1,1,1
台灣中油,CC6212G92,1,0,,1,1,1,1
台灣中油,CC6212G93,0,0,,1,1,0,1
台灣中油,CC6212G95,0,0,,1,1,1,1
台灣中油,CC6212G99,0,0,,1,1,0,1
台灣中油,CC6212H03,1,0,,1,1,1,1
台灣中油,CC6212H04,0,0,,1,1,1,1
台灣中油,CC6212H08,0,0,,1,1,1,1
台灣中油,CC6212H09,0,0,,1,1,1,1
台灣中油,CC6212H10,0,0,,1,1,1,1
台灣中油,CC6212H11,0,0,,1,1,1,1
台灣中油,CC6212H12,0,0,,0,1,1,1
台灣中油,CC6212H13,0,0,,1,1,1,1
台灣中油,CC6212H14,1,0,,1,1,1,1
台灣中油,CC6212H15,0,0,,1,1,1,1
台灣中油,CC6212H16,0,0,,1,1,1,1
台灣中油,CC6212H17,0,0,,1,1,1,1
台灣中油,CC6212H18,0,0,,1,1,0,1
台灣中油,CC6212H19,0,0,,1,1,1,1
台灣中油,D2030,0,0,,0,0,0,0
台灣中油,D2041,1,0,,1,1,1,1
台灣中油,D2042,0,0,,1,1,1,0
台灣中油,D2044,1,0,,1,1,1,1
台灣中油,D2045,0,1,自助投幣式 ,1,1,1,1
台灣中油,D2046,0,0,自助投幣式,1,1,1,1
台灣中油,D2047,1,0,,1,1,1,1
台灣中油,D2048,0,0,自助投幣式,1,1,1,1
台灣中油,D2049,0,0,精緻手工,1,1,1,1
台灣中油,D2050,0,1,自助投幣式,1,1,1,1
台灣中油,D2052,1,1,,1,1,1,1
台灣中油,D2053,0,1,,1,1,1,1
台灣中油,D2054,1,0,,1,1,1,1
台灣中油,D2055,1,0,,1,1,1,1
台灣中油,D2056,0,0,,1,1,1,1
台灣中油,D2057,0,0,,1,1,1,1
台灣中油,D2058,0,0,,1,1,1,1
台灣中油,D2059,0,1,,1,1,1,1
台灣中油,D2060,1,0,,1,1,1,1
台灣中油,D2061,0,0,洗車機,1,1,1,1
台灣中油,D2090,0,0,,0,1,0,0
台灣中油,D2140,1,0,洗車機,1,1,1,1
台灣中油,D2141,1,0,精緻手工,1,1,1,1
台灣中油,D2142,1,1,精緻手工,1,1,1,1
台灣中油,D2144,0,0,,1,1,1,0
台灣中油,D2145,1,0,,1,1,1,1
台灣中油,D2146,1,1,精緻手工,1,1,1,1
台灣中油,D2147,0,0,,1,1,0,0
台灣中油,D2149,1,0,,1,1,1,0
台灣中油,D214F,0,0,,1,1,1,1
台灣中油,D214G,1,0,,1,1,1,1
台灣中油,D214H,1,0,自助投幣式,1,1,1,1
台灣中油,D214J,1,0,精緻手工,1,1,1,0
台灣中油,D214K,1,0,精緻手工,1,1,1,0
台灣中油,D214L,1,0,,1,1,1,1
台灣中油,D214M,1,0,,1,1,1,0
台灣中油,D214N,1,0,,1,1,1,1
台灣中油,D214R,1,0,精緻手工,1,1,1,1
台灣中油,D214T,1,1,,1,1,1,1
台灣中油,D214X,1,1,,0,1,1,0
台灣中油,D214Z,1,0,自助投幣式 ,1,1,1,1
台灣中油,D2150,1,0,,1,1,1,1
台灣中油,D2151,1,1,精緻手工,1,1,1,1
台灣中油,D2152,1,0,,1,1,1,0
台灣中油,D2153,0,0,,1,1,1,0
台灣中油,D2154,1,0,,1,1,1,0
台灣中油,D2156,0,0,,1,1,1,0
台灣中油,D2157,1,1,,1,1,1,0
台灣中油,D2158,1,1,,1,1,1,1
台灣中油,D2159,0,0,,1,1,1,0
台灣中油,D215A,0,0,,0,1,0,1
台灣中油,D215E,1,0,,1,1,1,1
台灣中油,D215H,1,0,,1,1,1,0
台灣中油,D215J,1,0,洗車機,1,1,1,1
台灣中油,D215K,1,1,精緻手工,1,1,1,1
台灣中油,D215L,1,0,,1,1,0,1
台灣中油,D215M,0,0,自助投幣式,1,1,1,1
台灣中油,D215N,1,1,精緻手工,1,1,1,1
台灣中油,D215R,1,0,精緻手工,1,1,1,1
台灣中油,D215T,1,0,精緻手工,1,1,1,0
台灣中油,D215V,1,0,洗車機,1,1,1,1
台灣中油,D215W,1,1,精緻手工,1,1,1,1
台灣中油,D215Y,1,0,精緻手工,1,1,1,1
台灣中油,D215Z,1,1,精緻手工,1,1,1,1
台灣中油,D2160,1,0,洗車機,1,1,1,1
台灣中油,D2161,1,1,,1,1,1,0
台灣中油,D2162,1,0,,1,1,1,0
台灣中油,D2163,1,0,,1,1,1,0
台灣中油,D2164,1,0,,1,1,1,0
台灣中油,D2165,1,0,,1,1,1,0
台灣中油,D2167,0,0,,1,1,1,0
台灣中油,D2168,1,0,,1,1,1,0
台灣中油,D2169,1,0,,1,1,1,1
台灣中油,D216A,0,0,,1,1,0,0
台灣中油,D216F,1,0,,1,1,1,0
台灣中油,D216H,1,0,精緻手工,1,1,1,1
台灣中油,D216J,1,0,精緻手工,1,1,1,1
台灣中油,D216K,1,0,精緻手工,1,1,1,1
台灣中油,D216L,1,0,精緻手工,1,1,1,1
台灣中油,D216R,1,0,精緻手工,1,1,1,1
台灣中油,D216U,1,1,精緻手工,1,1,1,1
台灣中油,D216V,1,0,精緻手工,1,1,1,1
台灣中油,D216Y,0,0,精緻手工,1,1,0,1
台灣中油,D2170,0,0,精緻手工,1,1,1,1
台灣中油,D2171,0,1,,1,1,1,0
台灣中油,D2172,1,1,精緻手工,1,1,1,0
台灣中油,D2173,1,0,,1,1,1,0
台灣中油,D2174,1,1,精緻手工,1,1,1,1
台灣中油,D2176,1,0,,1,1,1,0
台灣中油,D2177,1,0,洗車機,1,1,1,1
台灣中油,D2178,1,0,,1,1,1,0
台灣中油,D2179,1,1,精緻手工,1,1,1,1
台灣中油,D217F,1,0,精緻手工,1,1,1,1
台灣中油,D217J,0,0,,1,1,1,1
台灣中油,D217K,1,0,,1,1,1,1
台灣中油,D234C,1,0,洗車機,1,1,1,1
台灣中油,D234D,0,0,,1,1,1,0
台灣中油,D234F,0,0,,1,1,1,1
台灣中油,D234G,1,0,洗車機,1,1,1,1
台灣中油,D234H,1,0,自助投幣式 ,1,1,1,1
台灣中油,D234M,1,0,洗車機,1,1,1,1
台灣中油,D234N,1,0,洗車機,1,1,1,1
台灣中油,D234T,1,0,自助投幣式 ,1,1,1,1
台灣中油,D234U,0,0,,1,0,0,1
台灣中油,D234V,0,0,,1,1,1,1
台灣中油,D234W,1,0,洗車機,1,1,1,1
台灣中油,D234X,1,0,洗車機,1,1,1,1
台灣中油,D234Y,0,0,自助投幣式 ,1,1,1,1
台灣中油,D234Z,1,0,,1,1,1,1
台灣中油,D235C,1,0,洗車機,1,1,1,1
台灣中油,D235D,1,0,洗車機,1,1,1,1
台灣中油,D235E,0,0,洗車機、自助投幣,1,1,1,1
台灣中油,D235F,0,0,洗車機,1,1,1,1
台灣中油,D235G,1,0,,1,1,1,1
台灣中油,D235H,1,0,,1,1,1,1
台灣中油,D235J,1,0,,1,1,1,1
台灣中油,D235K,1,0,,1,1,1,1
台灣中油,D235L,0,0,,1,1,1,1
台灣中油,D235M,1,0,自助投幣式 ,1,1,1,1
台灣中油,D235N,0,0,,1,1,1,1
台灣中油,D235P,0,0,,1,1,1,1
台灣中油,D235Q,1,0,洗車機、自助投幣,1,1,1,1
台灣中油,D235R,1,0,,1,1,1,1
台灣中油,D235T,1,0,,1,1,1,0
台灣中油,D235U,0,0,洗車機,1,1,1,0
台灣中油,D235V,1,0,,1,1,1,1
台灣中油,D235X,0,0,,1,1,1,1
台灣中油,D235Y,0,1,,1,1,1,1
台灣中油,D235Z,0,1,,1,1,1,1
台灣中油,D237P,0,0,,1,1,1,1
台灣中油,D237V,0,0,,1,1,1,1
台灣中油,D237W,1,0,,1,1,1,1
台灣中油,D237Y,1,0,自助投幣式 ,1,1,1,1
台灣中油,D237Z,0,0,,1,1,1,1
台灣中油,D2386,0,0,洗車機,1,1,1,1
台灣中油,D239A,0,0,,1,1,1,1
台灣中油,D239B,0,0,,1,1,1,1
台灣中油,D4130,0,0,,0,0,0,0
台灣中油,D4140,1,1,洗車機,1,1,1,1
台灣中油,D4141,1,1,,1,1,1,0
台灣中油,D4142,1,0,,1,1,1,0
台灣中油,D4143,0,0,洗車機,1,1,1,1
台灣中油,D4144,0,0,,1,1,1,1
台灣中油,D4145,0,1,洗車機、自助投幣,1,1,1,1
台灣中油,D4146,0,0,,1,1,1,1
台灣中油,D4147,0,1,洗車機,1,1,1,1
台灣中油,D4148,1,1,洗車機,1,1,1,1
台灣中油,D4149,0,1,洗車機,1,1,1,1
台灣中油,D414A,0,0,,1,1,1,1
台灣中油,D414E,1,1,洗車機,1,1,1,1
台灣中油,D414F,0,1,洗車機,1,1,1,0
台灣中油,D414G,1,1,洗車機,1,1,1,1
台灣中油,D414H,0,0,,1,1,1,1
台灣中油,D414J,0,0,,1,1,1,1
台灣中油,D414K,0,1,,1,1,1,1
台灣中油,D414L,0,0,洗車機,1,1,1,1
台灣中油,D414M,1,0,洗車機,1,1,1,1
台灣中油,D414N,1,0,,1,1,1,1
台灣中油,D414R,0,0,,1,1,0,1
台灣中油,D414T,1,1,洗車機,1,1,1,1
台灣中油,D414U,0,0,洗車機,1,1,1,1
台灣中油,D414V,1,0,,1,1,1,1
台灣中油,D414W,0,0,自助投幣式 ,1,1,1,1
台灣中油,D414X,0,0,洗車機,1,1,1,1
台灣中油,D414Y,1,0,洗車機、自助投幣,1,1,1,1
台灣中油,D414Z,0,1,洗車機,1,1,1,1
台灣中油,D4150,0,0,,1,1,1,1
台灣中油,D4151,0,0,洗車機,1,1,1,1
台灣中油,D4152,1,0,,1,1,1,1
台灣中油,D4153,0,0,,1,1,1,1
台灣中油,D4154,1,1,洗車機,1,1,1,1
台灣中油,D4155,0,1,自助投幣式 ,1,1,1,1
台灣中油,D4156,1,0,,1,1,1,0
台灣中油,D4157,0,1,,1,1,1,1
台灣中油,D4159,1,0,,1,1,1,1
台灣中油,D415A,0,0,自助投幣式 ,1,1,1,1
台灣中油,D415E,0,0,,1,1,1,1
台灣中油,D415F,1,0,,1,1,1,1
台灣中油,D415G,0,0,,1,1,1,1
台灣中油,D415H,1,0,自助投幣式,1,1,1,1
台灣中油,D415J,0,1,自助投幣式 ,1,1,1,1
台灣中油,D415K,0,1,,1,1,1,1
台灣中油,D415L,0,0,,1,1,1,1
台灣中油,D415M,1,0,洗車機,1,1,1,1
台灣中油,D415N,0,0,自助投幣式 ,1,1,1,1
台灣中油,D415R,1,0,,1,1,1,1
台灣中油,D415T,0,1,自助投幣式 ,1,1,1,1
台灣中油,D415U,0,0,洗車機,1,1,1,1
台灣中油,D415V,1,0,洗車機,1,1,1,1
台灣中油,D415W,1,0,,1,1,1,1
台灣中油,D415X,0,1,,1,1,1,1
台灣中油,D415Y,0,0,自助投幣式 ,1,1,1,1
台灣中油,D415Z,0,1,,1,1,1,1
台灣中油,D4160,0,0,,1,1,1,1
台灣中油,D4161,0,0,洗車機,1,1,1,1
台灣中油,D4162,1,0,精緻手工,1,1,1,1
台灣中油,D4163,0,0,,1,1,1,1
台灣中油,D4164,0,0,,1,1,1,1
台灣中油,D4165,0,0,,1,1,1,1
台灣中油,D4166,0,0,,1,1,0,1
台灣中油,D4167,1,1,,1,1,1,1
台灣中油,D4168,0,0,自助投幣式 ,1,1,1,1
台灣中油,D4169,0,0,洗車機,1,1,1,1
台灣中油,D416A,0,1,,1,1,1,1
台灣中油,D416E,0,0,洗車機,1,1,1,1
台灣中油,D416F,1,0,洗車機,1,1,1,1
台灣中油,D416G,0,0,,1,1,1,1
台灣中油,D416H,0,1,洗車機,1,1,1,1
台灣中油,D416J,1,0,洗車機,1,1,1,1
台灣中油,D416K,1,0,,1,1,1,0
台灣中油,D416L,0,0,,1,1,1,1
台灣中油,D416M,1,0,洗車機,1,1,1,1
台灣中油,D416N,0,1,精緻手工,1,1,1,1
台灣中油,D416R,1,0,,1,1,1,1
台灣中油,D416T,1,0,,1,1,1,1
台灣中油,D416U,0,0,洗車機,1,1,1,1
台灣中油,D416V,1,1,自助投幣式 ,1,1,1,1
台灣中油,D416W,1,0,洗車機,1,1,1,1
台灣中油,D416X,0,0,,1,1,0,1
台灣中油,D416Y,1,1,洗車機,1,1,1,1
台灣中油,D416Z,0,1,自助投幣式 ,1,1,0,1
台灣中油,D4170,0,1,自助投幣式 ,1,1,1,1
台灣中油,D4171,0,1,,1,1,1,1
台灣中油,D4172,0,1,自助投幣式 ,1,1,1,1
台灣中油,D4173,1,0,洗車機,1,1,1,1
台灣中油,D4174,0,0,,1,1,1,1
台灣中油,D4175,0,0,,1,1,1,1
台灣中油,D4176,1,1,洗車機,1,1,1,1
台灣中油,D4177,0,0,自助投幣式 ,1,1,1,1
台灣中油,D4178,0,0,自助投幣式 ,1,1,1,0
台灣中油,D4179,0,1,自助投幣式 ,1,1,1,1
台灣中油,D417A,1,1,洗車機,1,1,1,1
台灣中油,D417J,0,0,,1,1,1,1
台灣中油,D417M,0,0,洗車機,1,1,1,1
台灣中油,D417N,0,0,自助投幣式 ,1,1,1,1
台灣中油,D417R,1,0,自助投幣式 ,1,1,1,1
台灣中油,D417T,0,0,洗車機,1,1,1,1
台灣中油,D417U,0,0,,1,1,1,1
台灣中油,D417V,1,1,自助投幣式,1,1,1,1
台灣中油,D417W,0,0,洗車機,1,1,1,1
台灣中油,D417X,0,0,,1,1,1,1
台灣中油,D417Y,0,0,,1,1,1,1
台灣中油,D4180,0,0,,1,1,1,1
台灣中油,D4181,1,0,,1,1,1,1
台灣中油,D4184,1,0,,1,1,1,1
台灣中油,D4185,0,0,,1,1,1,1
台灣中油,D4187,1,0,,1,1,1,1
台灣中油,D4240,1,0,,1,1,1,0
台灣中油,D4241,1,0,洗車機,1,1,1,1
台灣中油,D4242,1,1,洗車機,1,1,1,1
台灣中油,D4243,1,0,,1,1,1,1
台灣中油,D4244,1,0,,1,1,1,1
台灣中油,D4245,0,1,,1,1,1,1
台灣中油,D4246,1,0,洗車機,1,1,1,1
台灣中油,D4247,1,0,洗車機,1,1,1,1
台灣中油,D4248,1,0,洗車機,1,1,1,1
台灣中油,D4249,0,0,,1,1,1,1
台灣中油,D4250,0,0,,1,1,1,1
台灣中油,D4251,0,0,,1,1,1,1
台灣中油,D4252,1,0,洗車機,1,1,1,1
台灣中油,D4253,1,0,,1,1,1,1
台灣中油,D4254,0,0,洗車機,1,1,1,1
台灣中油,D4255,1,0,,1,1,1,0
台灣中油,D4256,1,0,洗車機,1,1,1,1
台灣中油,D4257,1,0,洗車機,1,1,1,1
台灣中油,D4258,1,0,洗車機,1,1,1,0
台灣中油,D4259,0,0,,1,1,1,1
台灣中油,D4260,1,1,,1,1,1,1
台灣中油,D4261,1,0,,1,1,1,1
台灣中油,D4262,1,0,,1,1,1,1
台灣中油,D4265,0,0,,1,1,1,1
台灣中油,D4266,0,1,,1,1,1,1
台灣中油,D426A,0,1,,1,1,1,1
台灣中油,D426C,0,0,洗車機,1,1,1,1
台灣中油,D426E,1,0,洗車機,1,1,1,1
台灣中油,D426F,1,0,,1,1,1,0
台灣中油,D426G,1,1,洗車機,1,1,1,1
台灣中油,D426H,0,0,洗車機,1,1,1,1
台灣中油,D426J,0,1,,1,1,1,1
台灣中油,D426K,1,0,,1,1,1,1
台灣中油,D426L,0,1,洗車機,1,1,1,1
台灣中油,D426M,1,1,,1,1,1,1
台灣中油,D426N,1,0,,1,1,1,1
台灣中油,D426P,1,0,洗車機,1,1,1,1
台灣中油,D426R,1,0,,1,1,1,1
台灣中油,D426S,0,1,精緻手工,1,1,1,1
台灣中油,D426T,0,0,,1,1,1,1
台灣中油,D426U,0,0,洗車機,1,1,1,1
台灣中油,D426V,1,1,,1,1,1,1
台灣中油,D426W,1,0,洗車機,1,1,1,1
台灣中油,D426X,1,1,,1,1,1,1
台灣中油,D426Y,1,0,,1,1,1,1
台灣中油,D426Z,1,0,洗車機,1,1,1,1
台灣中油,D4273,0,1,精緻手工,1,1,1,1
台灣中油,D4275,0,1,,1,1,0,1
台灣中油,D4278,0,1,,1,1,1,1
台灣中油,D427A,1,0,洗車機,1,1,1,1
台灣中油,D427E,0,1,,1,1,1,1
台灣中油,D427F,0,1,,1,1,1,1
台灣中油,D427G,0,1,,1,1,1,1
台灣中油,D427H,1,0,洗車機,1,1,1,1
台灣中油,D4281,1,0,,1,1,1,1
台灣中油,D4285,0,0,,1,1,1,1
台灣中油,D4290,0,0,,1,1,1,1
台灣中油,D4330,0,0,,0,0,0,0
台灣中油,D4332,0,0,,0,0,0,0
台灣中油,D4333,0,0,,0,0,0,0
台灣中油,D4340,0,0,,1,1,1,1
台灣中油,D4341,0,0,,0,1,0,1
台灣中油,D4342,0,1,自助投幣式,1,1,1,1
台灣中油,D4343,1,0,自助投幣式 ,1,1,1,1
台灣中油,D4344,0,0,,1,1,1,1
台灣中油,D4345,1,1,洗車機、自助投幣,1,1,1,1
台灣中油,D4346,1,0,洗車機,1,1,1,0
台灣中油,D4347,0,0,,1,1,0,1
台灣中油,D4348,0,0,,1,1,1,1
台灣中油,D4349,0,0,,1,1,1,0
台灣中油,D434A,1,1,洗車機,1,1,1,1
台灣中油,D434E,0,0,洗車機,1,1,0,1
台灣中油,D434F,0,0,,1,1,1,1
台灣中油,D434G,0,0,,1,1,0,1
台灣中油,D434H,1,0,自助投幣式 ,1,1,1,1
台灣中油,D434J,1,0,自助投幣式 ,1,1,1,1
台灣中油,D434K,1,1,洗車機、自助投幣,1,1,1,1
台灣中油,D434L,0,0,,1,1,0,0
台灣中油,D434M,0,0,,1,1,0,0
台灣中油,D434R,0,0,洗車機,1,1,1,1
台灣中油,D434T,0,1,,1,1,1,1
台灣中油,D434U,0,0,自助投幣式 ,1,1,1,1
台灣中油,D434V,1,0,洗車機,1,1,1,1
台灣中油,D434W,0,0,,1,1,1,1
台灣中油,D434X,0,0,,1,1,1,1
台灣中油,D434Y,0,0,,1,1,0,1
台灣中油,D434Z,1,0,自助投幣式 ,1,1,1,1
台灣中油,D4350,1,0,洗車機,1,1,1,1
台灣中油,D4351,0,0,洗車機,1,1,1,1
台灣中油,D4352,0,0,,1,1,1,0
台灣中油,D4353,1,1,洗車機,1,1,1,1
台灣中油,D4354,1,0,自助投幣式 ,1,1,1,1
台灣中油,D4355,0,0,,1,1,0,1
台灣中油,D4356,0,1,,1,1,1,1
台灣中油,D4357,1,1,精緻手工,1,1,1,1
台灣中油,D4358,1,1,精緻手工,1,1,1,1
台灣中油,D4359,1,1,自助投幣式 ,1,1,1,1
台灣中油,D435A,1,0,洗車機,1,1,0,1
台灣中油,D435F,0,0,,1,1,0,1
台灣中油,D435G,0,0,,1,1,1,1
台灣中油,D435H,1,0,洗車機,1,1,1,1
台灣中油,D435J,1,1,洗車機,1,1,1,1
台灣中油,D435K,1,0,,1,1,1,1
台灣中油,D435L,1,0,,1,1,0,1
台灣中油,D435M,0,0,,1,1,0,1
台灣中油,D435R,0,1,,1,1,0,1
台灣中油,D435U,0,0,精緻手工,1,1,1,1
台灣中油,D4360,1,0,洗車機,1,1,1,1
台灣中油,D4361,0,0,,1,1,1,1
台灣中油,D4362,0,1,,1,1,1,1
台灣中油,D4363,0,1,,1,1,0,0
台灣中油,D4364,0,0,洗車機,1,1,1,0
台灣中油,D4365,1,0,,1,1,1,1
台灣中油,D4366,0,1,,1,1,1,0
台灣中油,D4367,0,0,洗車機,1,1,0,1
台灣中油,D4368,0,1,,1,1,1,1
台灣中油,D4369,0,0,,1,1,1,0
台灣中油,D4370,1,0,自助投幣式,1,1,1,1
台灣中油,D4371,0,1,自助投幣式 ,1,1,0,1
台灣中油,D4372,0,0,自助投幣式 ,1,1,1,1
台灣中油,D4373,0,1,,1,1,1,1
台灣中油,D4374,0,0,洗車機,1,1,1,1
台灣中油,D4375,0,0,,1,1,1,1
台灣中油,D4376,0,1,洗車機,1,1,1,1
台灣中油,D4377,0,0,,1,1,0,1
台灣中油,D4378,0,0,洗車機,1,1,0,1
台灣中油,D4379,0,0,洗車機,1,1,1,1
台灣中油,D4380,0,0,,1,1,1,1
台灣中油,D4381,0,0,,1,1,1,1
台灣中油,D4382,1,0,,1,1,1,1
台灣中油,D4384,1,0,,1,1,1,1
台灣中油,D4387,1,0,,1,1,1,1
台灣中油,D4390,0,0,自助投幣式 ,1,1,1,1
台灣中油,D4397,1,1,洗車機,1,1,1,1
台灣中油,D4398,0,0,洗車機,1,1,1,1
台灣中油,D439L,0,0,,1,1,0,1
台灣中油,D43W2,1,0,洗車機,1,1,1,1
台灣中油,D43W4,0,0,,1,1,1,1
台灣中油,D43W5,1,0,自助投幣式,1,1,1,1
台灣中油,D43W7,1,0,自助投幣式,1,1,1,1
台灣中油,D43W8,0,0,,1,1,1,1
台灣中油,D43X5,0,1,,1,1,1,1
台灣中油,D43X6,0,0,洗車機,1,1,1,1
台灣中油,D43X7,1,0,,1,1,1,1
台灣中油,D43X8,1,0,洗車機,1,1,1,1
台灣中油,D503R,0,0,,0,0,0,0
台灣中油,D503T,0,0,,0,0,0,0
台灣中油,D503U,0,0,,0,0,0,0
台灣中油,D503V,0,0,,0,0,0,0
台灣中油,D504B,1,0,精緻手工,1,1,1,1
台灣中油,D504C,0,0,,1,1,0,0
台灣中油,D504D,0,0,,1,1,0,0
台灣中油,D504I,1,0,,1,1,1,0
台灣中油,D504P,0,0,,1,1,1,1
台灣中油,D504Q,1,1,精緻手工,1,1,1,1
台灣中油,D504S,0,0,,1,1,1,1
台灣中油,D505B,1,0,洗車機,1,1,1,0
台灣中油,D505C,0,1,,1,1,0,0
台灣中油,D505D,0,1,,1,1,1,1
台灣中油,D505E,1,0,洗車機,1,1,1,1
台灣中油,D505I,1,1,洗車機,1,1,1,1
台灣中油,D505N,1,1,精緻手工,1,1,1,1
台灣中油,D505P,1,1,洗車機,1,1,1,0
台灣中油,D505Q,0,1,,1,1,0,1
台灣中油,D505S,0,0,,1,1,0,0
台灣中油,D505V,1,1,洗車機,1,1,1,1
台灣中油,D505W,1,1,,1,1,1,1
台灣中油,D505X,1,0,,1,1,1,1
台灣中油,D505Y,0,1,,1,1,0,1
台灣中油,D505Z,1,0,洗車機,1,1,1,1
台灣中油,D506B,0,0,洗車機,1,1,1,1
台灣中油,D506C,1,0,洗車機,1,1,1,1
台灣中油,D506G,1,1,,1,1,1,1
台灣中油,D506I,0,1,,1,1,1,0
台灣中油,D506M,1,1,洗車機,1,1,1,0
台灣中油,D506N,1,0,洗車機,1,1,1,1
台灣中油,D506P,1,1,,1,1,1,1
台灣中油,D506Q,1,0,洗車機,1,1,1,1
台灣中油,D506R,1,1,,0,1,1,0
台灣中油,D506S,0,0,自助投幣式 ,1,1,1,1
台灣中油,D506T,1,0,,1,1,1,0
台灣中油,D506U,1,0,,1,1,1,1
台灣中油,D506V,0,0,,1,1,1,1
台灣中油,D506W,1,0,,1,1,1,1
台灣中油,D506X,0,1,,1,1,1,1
台灣中油,D506Y,0,0,,1,1,1,1
台灣中油,D506Z,1,1,自助投幣式 ,1,1,1,0
台灣中油,D507A,1,1,洗車機,1,1,1,1
台灣中油,D507B,1,1,自助投幣式 ,1,1,1,1
台灣中油,D507C,0,0,,1,1,0,0
台灣中油,D507D,1,1,洗車機,1,1,1,1
台灣中油,D507E,0,0,,1,1,1,1
台灣中油,D507F,0,0,,1,1,0,1
台灣中油,D507G,1,1,,1,1,1,0
台灣中油,D507H,1,1,,1,1,1,0
台灣中油,D507I,1,1,,1,1,1,1
台灣中油,D507J,0,1,洗車機,1,1,1,1
台灣中油,D507K,0,0,,1,1,0,1
台灣中油,D507L,1,0,,1,1,1,1
台灣中油,D507M,0,0,,1,1,1,1
台灣中油,D507N,1,0,洗車機,1,1,1,0
台灣中油,D507P,0,0,洗車機,1,1,1,1
台灣中油,D507Q,0,0,洗車機,1,1,1,1
台灣中油,D507R,1,1,,1,1,1,1
台灣中油,D507S,1,1,洗車機,1,1,1,1
台灣中油,D507T,1,1,洗車機,1,1,1,0
台灣中油,D507U,0,1,,1,1,1,1
台灣中油,D507V,1,1,,1,1,1,1
台灣中油,D507W,1,0,洗車機,1,1,1,1
台灣中油,D507X,1,1,洗車機,1,1,1,1
台灣中油,D507Y,0,1,精緻手工,1,1,1,1
台灣中油,D507Z,0,1,,1,1,1,1
台灣中油,D5094,0,1,精緻手工,1,1,1,1
台灣中油,D509B,1,1,自助投幣式 ,1,1,1,0
台灣中油,D509C,0,0,,1,1,1,1
台灣中油,D509D,1,0,,1,1,1,1
台灣中油,D509F,1,0,精緻手工,1,1,1,1
台灣中油,D509G,1,1,洗車機,1,1,1,1
台灣中油,D509Q,1,0,,1,1,1,1
台灣中油,D509R,1,0,,0,0,0,0
台灣中油,D50W1,0,1,,1,1,0,1
台灣中油,D50W6,1,1,,1,1,1,1
台灣中油,D50W9,1,1,,1,1,1,1
台灣中油,D50X1,1,0,,1,1,1,1
台灣中油,D5131,0,0,,0,0,0,0
台灣中油,D5132,0,0,,0,0,0,0
台灣中油,D5133,0,0,,0,0,0,0
台灣中油,D5134,0,0,,0,0,0,0
台灣中油,D5135,0,0,,0,0,0,0
台灣中油,D5136,0,0,,0,0,0,0
台灣中油,D5137,0,0,,0,0,0,0
台灣中油,D5138,0,0,,0,0,0,0
台灣中油,D5139,0,0,,0,0,0,0
台灣中油,D5140,0,1,洗車機,1,1,1,1
台灣中油,D5141,1,1,,1,1,1,0
台灣中油,D5142,0,0,,1,1,0,0
台灣中油,D5143,0,0,,1,1,1,1
台灣中油,D5144,1,1,,1,1,0,1
台灣中油,D5145,1,1,,1,1,1,0
台灣中油,D5146,1,1,洗車機,1,1,1,1
台灣中油,D5147,0,0,洗車機,1,1,1,1
台灣中油,D5148,0,1,,1,1,0,1
台灣中油,D5149,0,0,,1,1,0,0
台灣中油,D514A,1,1,,1,1,1,0
台灣中油,D514E,0,1,,1,1,0,1
台灣中油,D514F,0,1,,1,1,1,0
台灣中油,D514G,0,0,洗車機,1,1,0,1
台灣中油,D514H,0,0,,1,1,1,0
台灣中油,D514J,1,0,,1,1,1,0
台灣中油,D514K,1,1,洗車機,1,1,1,1
台灣中油,D514L,0,1,,1,1,1,1
台灣中油,D514M,0,1,,1,1,1,1
台灣中油,D514N,0,0,,1,1,1,1
台灣中油,D514R,0,1,,1,1,1,0
台灣中油,D514T,0,0,,1,1,0,1
台灣中油,D514U,0,0,,1,1,1,1
台灣中油,D514V,1,1,,1,1,1,1
台灣中油,D514W,0,1,,1,1,1,1
台灣中油,D514X,0,1,,1,1,1,1
台灣中油,D514Y,1,1,,1,1,1,1
台灣中油,D514Z,1,1,洗車機,1,1,1,1
台灣中油,D5150,0,0,,1,1,1,1
台灣中油,D5151,0,0,,1,1,1,1
台灣中油,D5152,1,1,,1,1,1,0
台灣中油,D5153,1,1,,1,1,0,1
台灣中油,D5154,1,0,,1,1,1,0
台灣中油,D5155,1,1,洗車機,1,1,0,0
台灣中油,D5156,0,1,洗車機,1,1,1,1
台灣中油,D5157,1,1,,1,1,1,1
台灣中油,D5158,0,0,,1,1,0,1
台灣中油,D5159,0,1,,1,1,1,1
台灣中油,D515A,0,1,洗車機、自助投幣,1,1,1,0
台灣中油,D515E,1,1,,1,1,1,1
台灣中油,D515F,1,1,,1,1,1,1
台灣中油,D515G,1,1,,1,1,1,1
台灣中油,D515H,1,1,,1,1,1,1
台灣中油,D515J,0,0,,1,1,1,1
台灣中油,D515K,0,0,,1,1,1,1
台灣中油,D515L,1,1,,1,1,1,1
台灣中油,D515M,0,1,,1,1,0,1
台灣中油,D515N,0,0,,1,1,1,1
台灣中油,D515R,0,1,,1,1,1,1
台灣中油,D515U,0,1,洗車機,1,1,1,1
台灣中油,D515V,0,0,自助投幣式,1,1,1,1
台灣中油,D515W,0,0,,1,1,1,1
台灣中油,D515X,0,1,,1,1,1,0
台灣中油,D515Y,1,1,洗車機,1,1,1,0
台灣中油,D515Z,0,0,,1,1,1,1
台灣中油,D5160,0,0,,1,1,1,1
台灣中油,D5161,0,1,洗車機,1,1,1,1
台灣中油,D5162,0,0,,1,1,0,1
台灣中油,D5163,0,1,,1,1,1,1
台灣中油,D5164,1,1,洗車機,1,1,1,1
台灣中油,D5165,1,0,洗車機,1,1,1,1
台灣中油,D5166,1,1,,1,1,1,0
台灣中油,D5167,0,1,,1,1,0,1
台灣中油,D5168,1,0,,1,1,1,0
台灣中油,D5169,1,1,,1,1,1,1
台灣中油,D516A,0,0,,0,0,0,1
台灣中油,D516E,1,0,自助投幣式 ,1,1,1,1
台灣中油,D516F,1,1,洗車機,1,1,1,1
台灣中油,D516G,0,0,,1,1,0,1
台灣中油,D516K,1,1,,1,1,1,0
台灣中油,D516L,1,1,自助投幣式 ,1,1,1,1
台灣中油,D516N,1,1,,1,1,1,0
台灣中油,D516R,1,0,,1,1,1,1
台灣中油,D516T,1,0,,1,1,1,1
台灣中油,D516U,1,1,洗車機,1,1,1,1
台灣中油,D516V,1,1,,1,1,0,1
台灣中油,D516W,0,0,,0,1,0,1
台灣中油,D516X,0,1,洗車機,1,1,1,1
台灣中油,D516Y,0,1,,1,0,0,0
台灣中油,D5170,0,1,,1,1,1,1
台灣中油,D5171,1,1,洗車機,1,1,1,0
台灣中油,D5173,0,1,洗車機,1,1,1,1
台灣中油,D5174,1,0,洗車機,1,1,1,0
台灣中油,D5175,0,1,,1,1,1,1
台灣中油,D5176,1,0,洗車機,1,1,1,1
台灣中油,D5177,0,1,,1,1,1,1
台灣中油,D5178,0,1,洗車機,1,1,1,1
台灣中油,D5179,0,0,,1,1,1,1
台灣中油,D517A,0,1,,0,1,0,1
台灣中油,D517E,0,1,,0,1,0,0
台灣中油,D517F,0,0,,1,1,0,1
台灣中油,D517K,1,0,,1,1,1,1
台灣中油,D517L,1,0,,1,1,1,1
台灣中油,D517M,1,0,,1,1,1,1
台灣中油,D517N,1,0,,1,1,1,1
台灣中油,D517R,0,0,,1,1,0,0
台灣中油,D5180,1,0,,1,1,1,1
台灣中油,D5531,0,0,,0,0,0,0
台灣中油,D5534,0,0,,0,0,0,0
台灣中油,D5535,0,0,,0,0,0,0
台灣中油,D5536,0,0,,0,0,0,0
台灣中油,D5537,0,0,,0,0,0,0
台灣中油,D5538,0,0,,0,0,0,0
台灣中油,D5539,0,0,,0,0,0,0
台灣中油,D556A,0,1,自助投幣式 ,1,1,1,1
台灣中油,D556E,0,1,,1,1,0,1
台灣中油,D556F,0,0,,1,1,0,1
台灣中油,D556H,0,0,,0,1,0,1
台灣中油,D556J,0,1,,1,1,0,1
台灣中油,D556K,0,0,,0,1,0,1
台灣中油,D556L,1,0,,1,1,0,0
台灣中油,D6130,0,0,,0,0,0,0
台灣中油,D6132,0,0,,0,0,0,0
台灣中油,D6133,0,0,,0,0,0,0
台灣中油,D6134,0,0,,0,0,0,0
台灣中油,D6135,0,0,,0,0,0,0
台灣中油,D6136,0,0,,0,0,0,0
台灣中油,D6137,0,0,,0,0,0,0
台灣中油,D6138,0,0,,0,0,0,0
台灣中油,D6140,1,1,洗車機,1,1,1,1
台灣中油,D6141,1,0,,1,1,1,0
台灣中油,D6142,1,1,洗車機,1,1,1,1
台灣中油,D6143,1,1,,1,1,1,1
台灣中油,D6144,0,0,自助投幣式,1,1,0,1
台灣中油,D6145,1,0,,1,1,1,1
台灣中油,D6146,1,1,洗車機,1,1,1,1
台灣中油,D6147,1,1,洗車機,1,1,1,1
台灣中油,D6148,0,0,自助投幣式,1,1,1,1
台灣中油,D6149,1,1,,1,1,1,1
台灣中油,D6150,1,0,,1,1,1,1
台灣中油,D6151,1,1,,1,1,1,1
台灣中油,D6152,0,0,,1,1,0,1
台灣中油,D6153,0,1,自助投幣式,1,1,1,1
台灣中油,D6154,0,0,,1,1,1,1
台灣中油,D6155,1,0,,1,1,1,1
台灣中油,D615A,0,0,,1,1,1,1
台灣中油,D615B,1,0,洗車機,1,1,1,1
台灣中油,D615C,1,0,洗車機,1,1,1,1
台灣中油,D6160,1,1,精緻手工、巴士,1,1,1,1
台灣中油,D6161,1,1,洗車機,1,1,1,1
台灣中油,D6162,1,0,自助投幣式 ,1,1,1,1
台灣中油,D6163,0,0,精緻手工,1,1,1,1
台灣中油,D6164,1,0,洗車機,1,1,1,1
台灣中油,D6165,0,1,洗車機,1,1,1,1
台灣中油,D6166,0,1,洗車機,1,1,1,1
台灣中油,D6167,1,1,洗車機,1,1,1,1
台灣中油,D6168,1,1,洗車機,1,1,1,1
台灣中油,D6169,1,0,洗車機,1,1,1,1
台灣中油,D616A,0,1,,1,1,1,1
台灣中油,D616B,0,0,,0,1,0,0
台灣中油,D616C,0,1,洗車機,1,1,1,1
台灣中油,D616D,1,1,洗車機,1,1,0,1
台灣中油,D616E,0,1,自助投幣式 ,1,1,1,1
台灣中油,D616F,1,1,自助投幣式 ,1,1,1,1
台灣中油,D616G,0,0,,1,1,0,1
台灣中油,D616H,0,0,,1,1,1,1
台灣中油,D616I,1,1,,1,1,1,1
台灣中油,D616J,1,0,,1,1,1,1
台灣中油,D6170,1,0,洗車機,1,1,1,1
台灣中油,D6171,1,0,洗車機,1,1,1,0
台灣中油,D6172,1,0,洗車機,1,1,1,1
台灣中油,D6173,1,0,洗車機,1,1,1,1
台灣中油,D6174,0,1,洗車機,1,1,1,1
台灣中油,D6175,1,1,洗車機,1,1,1,1
台灣中油,D6176,1,0,自助投幣式 ,1,1,1,1
台灣中油,D6177,1,1,洗車機,1,1,1,1
台灣中油,D6178,1,0,洗車機,1,1,1,1
台灣中油,D6179,0,1,,1,1,0,1
台灣中油,D617A,0,0,洗車機,1,1,1,1
台灣中油,D617B,0,1,,1,1,0,1
台灣中油,D617C,1,1,,1,1,1,1
台灣中油,D617D,1,0,洗車機,1,1,1,1
台灣中油,D617E,0,0,,0,1,0,1
台灣中油,D617F,1,1,洗車機,1,1,1,1
台灣中油,D617G,1,1,,1,1,0,1
台灣中油,D617H,0,0,,0,1,0,1
台灣中油,D617J,0,0,,1,1,0,1
台灣中油,D617N,1,0,洗車機,1,1,1,1
台灣中油,D617P,1,0,,1,1,1,1
台灣中油,GG6212A01,1,0,,1,1,1,1
台灣中油,GG6212A02,0,0,,1,1,0,1
台灣中油,GG6212A04,1,0,,1,1,1,1
台灣中油,GG6212A06,1,0,,1,1,1,1
台灣中油,GG6212A07,0,0,,1,1,0,1
台灣中油,GG6212A09,0,0,,1,1,0,1
台灣中油,GG6212A10,0,0,,1,1,1,1
台灣中油,GG6212A11,0,0,,1,1,0,1
台灣中油,GG6212A14,0,0,,1,1,1,1
台灣中油,GG6212A16,1,0,,1,1,1,1
台灣中油,GG6212A18,1,0,,1,1,1,1
台灣中油,GG6212A19,1,0,,1,1,1,1
台灣中油,GG6212A21,0,0,,1,1,0,1
台灣中油,GG6212A22,0,0,,1,1,1,1
台灣中油,GG6212A23,0,0,,1,1,1,1
台灣中油,GG6212A29,0,0,,1,1,0,1
台灣中油,GG6212A30,0,0,,1,1,1,1
台灣中油,GG6212A32,0,0,,1,1,1,1
台灣中油,GG6212A36,1,0,,1,1,0,1
台灣中油,GG6212A40,1,0,,1,1,0,1
台灣中油,GG6212A44,0,0,,1,1,1,1
台灣中油,GG6212A47,0,0,,1,1,0,1
台灣中油,GG6212A48,1,0,,1,1,1,1
台灣中油,GG6212A50,0,0,,1,1,1,1
台灣中油,GG6212A51,0,0,,1,1,0,1
台灣中油,GG6212A53,0,0,,1,1,0,1
台灣中油,GG6212A57,0,0,,1,1,0,1
台灣中油,GG6212A60,0,0,,1,1,0,1
台灣中油,GG6212A61,1,0,,1,1,1,1
台灣中油,GG6212A63,0,0,,1,1,1,1
台灣中油,GG6212A64,1,0,,1,1,1,1
台灣中油,GG6212A65,1,0,,1,1,1,1
台灣中油,GG6212A68,0,0,,1,1,1,1
台灣中油,GG6212A69,0,0,,1,1,1,1
台灣中油,GG6212A71,1,0,,1,1,1,1
台灣中油,GG6212A72,0,0,,1,1,1,1
台灣中油,GG6212A73,1,0,,1,1,0,1
台灣中油,GG6212A76,1,0,,1,1,1,1
台灣中油,GG6212A77,0,0,,1,1,0,1
台灣中油,GG6212A79,0,0,,1,1,1,1
台灣中油,GG6212A80,1,0,,1,1,1,1
台灣中油,GG6212A81,1,0,,1,1,1,1
台灣中油,GG6212A83,0,0,,1,1,0,1
台灣中油,GG6212A84,1,0,,1,1,1,1
台灣中油,GG6212A85,1,0,,1,1,1,1
台灣中油,GG6212A86,1,0,,1,1,1,1
台灣中油,GG6212A88,1,0,,1,1,1,1
台灣中油,GG6212A89,0,0,,1,1,1,1
台灣中油,GG6212A90,0,0,,1,1,0,1
台灣中油,GG6212A91,0,0,,1,1,1,1
台灣中油,GG6212A93,0,0,,1,1,1,1
台灣中油,GG6212A94,0,0,,1,1,1,1
台灣中油,GG6212A95,1,0,,1,1,0,1
台灣中油,GG6212A96,1,0,,1,1,1,1
台灣中油,GG6212A97,0,0,,1,1,0,1
台灣中油,GG6212A98,1,0,,1,1,1,1
台灣中油,GG6212A99,0,0,,1,1,1,1
台灣中油,GG6212B01,1,0,,1,1,1,1
台灣中油,GG6212B02,0,0,,1,1,1,1
台灣中油,GG6212B03,1,0,,1,1,1,1
台灣中油,HH6212A02,1,0,,1,1,0,1
台灣中油,HH6212A04,1,0,,1,1,1,1
台灣中油,HH6212A10,0,0,,1,1,1,1
台灣中油,HH6212A15,1,0,,1,1,1,1
台灣中油,HH6212A16,0,0,,1,1,1,1
台灣中油,HH6212A17,0,0,,1,1,1,1
台灣中油,HH6212A18,1,0,,1,1,1,1
台灣中油,HH6212A19,0,0,,1,1,0,1
台灣中油,HH6212A20,1,0,,1,1,1,1
台灣中油,HH6212A24,1,0,,1,1,1,1
台灣中油,HH6212A30,0,0,,1,1,0,1
台灣中油,HH6212A32,0,0,,1,1,0,1
台灣中油,HH6212A33,0,0,,1,1,1,1
台灣中油,HH6212A34,0,0,,1,1,0,1
台灣中油,HH6212A35,1,0,,1,1,1,1
台灣中油,HH6212A36,1,0,,1,1,1,1
台灣中油,HH6212A37,0,0,,1,1,1,1
台灣中油,HH6212A38,0,0,,1,1,1,1
台灣中油,HH6212A39,0,0,,1,1,1,1
台灣中油,HH6212A42,0,0,,1,1,0,1
台灣中油,HH6212A44,1,0,,1,1,1,1
台灣中油,HH6212A45,1,0,,1,1,1,1
台灣中油,HH6212A48,1,0,,1,1,1,1
台灣中油,HH6212A54,0,0,,1,1,1,1
台灣中油,HH6212A55,1,0,,1,1,0,1
台灣中油,HH6212A58,1,0,,1,1,1,1
台灣中油,HH6212A59,0,0,,1,1,1,1
台灣中油,HH6212A60,0,0,,1,1,1,1
台灣中油,HH6212A61,0,0,,1,1,1,1
台灣中油,HH6212A65,1,0,,1,1,1,1
台灣中油,HH6212A68,0,0,,1,1,1,1
台灣中油,HH6212A69,0,0,,1,1,0,1
台灣中油,HH6212A71,1,0,,1,1,1,1
台灣中油,HH6212A72,0,0,,1,1,1,1
台灣中油,HH6212A77,1,0,,1,1,1,1
台灣中油,HH6212A79,0,0,,1,1,1,1
台灣中油,HH6212A83,0,0,,1,1,1,1
台灣中油,HH6212A84,0,0,,1,1,1,1
台灣中油,HH6212A89,0,0,,1,1,1,1
台灣中油,HH6212A91,1,0,,1,1,1,1
台灣中油,HH6212A92,0,0,,1,1,1,1
台灣中油,HH6212A93,0,0,,1,1,1,1
台灣中油,HH6212A94,1,0,,1,1,1,1
台灣中油,HH6212B03,0,0,,1,1,1,1
台灣中油,HH6212B07,1,0,,1,1,1,1
台灣中油,HH6212B08,1,0,,1,1,1,1
台灣中油,HH6212B09,0,0,,1,1,1,1
台灣中油,HH6212B16,1,0,,1,1,1,1
台灣中油,HH6212B18,0,0,,1,1,0,1
台灣中油,HH6212B19,1,0,,1,1,1,1
台灣中油,HH6212B21,0,0,,1,1,1,1
台灣中油,HH6212B26,1,0,,1,1,1,1
台灣中油,HH6212B27,1,0,,1,1,1,1
台灣中油,HH6212B28,1,0,,1,1,1,1
台灣中油,HH6212B29,1,0,,1,1,1,1
台灣中油,HH6212B30,1,0,,1,1,1,1
台灣中油,HH6212B31,1,0,,1,1,1,1
台灣中油,HH6212B32,0,0,,1,1,1,1
台灣中油,HH6212B33,1,0,,1,1,1,1
台灣中油,HH6212B34,0,0,,1,1,1,1
台灣中油,HH6212B35,1,0,,1,1,1,1
台灣中油,HH6212B36,1,0,,1,1,1,1
台灣中油,HH6212B37,1,0,,1,1,1,1
台灣中油,II6212A02,0,0,,1,1,1,1
台灣中油,II6212A04,0,0,,1,1,1,0
台灣中油,II6212A05,0,0,,1,1,1,1
台灣中油,II6212A16,0,0,,1,1,0,1
台灣中油,II6212A25,0,0,,1,1,1,1
台灣中油,II6212A26,0,0,,1,1,0,1
台灣中油,II6212A34,0,0,,1,1,1,1
台灣中油,II6212A39,0,0,,1,1,0,1
台灣中油,II6212A44,0,0,,1,1,1,1
台灣中油,II6212A50,1,0,,1,1,0,1
台灣中油,II6212A57,0,0,,1,1,1,1
台灣中油,II6212A65,0,0,,1,1,0,1
台灣中油,II6212A67,0,0,,1,1,1,1
台灣中油,II6212A73,0,0,,1,1,0,1
台灣中油,II6212A76,0,0,,1,1,0,1
台灣中油,II6212A78,1,0,,1,1,1,1
台灣中油,II6212A84,0,0,,1,1,1,1
台灣中油,II6212A87,0,0,,1,1,1,1
台灣中油,II6212A88,0,0,,1,1,1,1
台灣中油,II6212A92,0,0,,1,1,1,1
台灣中油,II6212A95,0,0,,1,1,1,1
台灣中油,II6212A97,0,0,,1,1,0,1
台灣中油,II6212A98,0,0,,1,1,0,1
台灣中油,II6212A99,0,0,,1,1,1,1
台灣中油,II6212B05,0,0,,1,1,0,1
台灣中油,II6212B07,0,0,,1,1,0,1
台灣中油,II6212B08,0,0,,1,1,1,1
台灣中油,II6212B09,0,0,,1,1,1,1
台灣中油,II6212B11,0,0,,1,1,1,1
台灣中油,II6212B15,0,0,,1,1,1,1
台灣中油,II6212B19,0,0,,1,1,1,1
台灣中油,II6212B20,1,0,,1,1,1,1
台灣中油,II6212B21,0,0,,1,1,1,1
台灣中油,II6212B24,0,0,,1,1,0,1
台灣中油,II6212B29,0,0,,1,1,1,1
台灣中油,II6212B34,0,0,,1,1,0,1
台灣中油,II6212B35,1,0,,1,1,0,1
台灣中油,II6212B36,0,0,,1,1,1,1
台灣中油,II6212B39,0,0,,1,1,1,1
台灣中油,II6212B43,0,0,,1,1,1,1
台灣中油,II6212B45,0,0,,1,1,1,1
台灣中油,II6212B47,0,0,,1,1,1,1
台灣中油,II6212B48,0,0,,1,1,0,1
台灣中油,II6212B49,0,0,,1,1,1,1
台灣中油,II6212B50,0,0,,1,1,1,1
台灣中油,II6212B51,0,0,,1,1,1,1
台灣中油,II6212B52,0,0,,1,1,0,1
台灣中油,II6212B53,0,0,,1,1,1,1
台灣中油,II6212B54,0,0,,1,1,1,1
台灣中油,II6212B55,0,0,,1,1,1,1
台灣中油,II6212B61,0,0,,1,1,1,1
台灣中油,II6212B62,1,0,,1,1,1,1
台灣中油,II6212B65,1,0,,1,1,1,1
台灣中油,II6212B67,0,0,,1,1,1,1
台灣中油,II6212B69,1,0,,1,1,1,1
台灣中油,II6212B70,0,0,,1,1,1,1
台灣中油,II6212B71,0,0,,1,1,1,1
台灣中油,II6212B76,0,0,,1,1,1,1
台灣中油,II6212B78,0,0,,1,1,0,1
台灣中油,II6212B79,0,0,,1,1,1,1
台灣中油,II6212B81,1,0,,1,1,1,1
台灣中油,II6212B82,0,0,,1,1,1,1
台灣中油,II6212B92,0,0,,1,1,1,1
台灣中油,II6212B96,0,0,,1,1,0,1
台灣中油,II6212B97,0,0,,1,1,1,1
台灣中油,II6212B98,0,0,,1,1,1,1
台灣中油,II6212B99,0,0,,1,1,1,1
台灣中油,II6212C01,0,0,,1,1,1,1
台灣中油,II6212C03,0,0,,1,1,0,1
台灣中油,II6212C04,0,0,,1,1,1,1
台灣中油,II6212C06,0,0,,1,1,0,1
台灣中油,II6212C07,1,0,,1,1,1,1
台灣中油,II6212C23,0,0,,1,1,1,1
台灣中油,II6212C24,0,0,,1,1,1,1
台灣中油,II6212C26,0,0,,1,1,0,1
台灣中油,II6212C28,1,0,,1,1,1,1
台灣中油,II6212C30,0,0,,1,1,0,1
台灣中油,II6212C31,0,0,,1,1,1,1
台灣中油,II6212C33,0,0,,1,1,0,1
台灣中油,II6212C34,0,0,,1,1,0,1
台灣中油,II6212C36,0,0,,1,1,1,1
台灣中油,II6212C38,1,0,,1,1,1,1
台灣中油,II6212C39,0,0,,1,1,1,1
台灣中油,II6212C41,1,0,,1,1,0,1
台灣中油,II6212C43,0,0,,1,1,1,1
台灣中油,II6212C46,0,0,,1,1,1,1
台灣中油,II6212C47,0,0,,1,1,0,1
台灣中油,II6212C48,1,0,,1,1,1,1
台灣中油,II6212C49,1,0,,1,1,1,1
台灣中油,II6212C50,0,0,,1,1,0,1
台灣中油,II6212C51,0,0,,1,1,1,1
台灣中油,II6212C52,0,0,,1,1,1,1
台灣中油,II6212C55,0,0,,1,1,0,1
台灣中油,II6212C57,1,0,,1,1,1,1
台灣中油,II6212C58,0,0,,1,1,1,1
台灣中油,II6212C59,0,0,,1,1,1,1
台灣中油,II6212C60,1,0,,1,1,1,1
台灣中油,II6212C61,0,0,,1,1,1,1
台灣中油,II6212C62,0,0,,1,1,1,1
台灣中油,II6212C63,1,0,,1,1,1,1
台灣中油,II6212C64,0,0,,1,1,1,1
台灣中油,II6212C65,1,0,,1,1,1,1
台灣中油,II6212C66,0,0,,1,1,1,1
台灣中油,II6212C67,0,0,,1,1,1,1
台灣中油,II6212C68,0,0,,1,1,1,1
台灣中油,II6212C69,0,0,,1,1,1,1
台灣中油,II6212C70,1,0,,1,1,1,1
台灣中油,II6212C71,1,0,,1,1,1,1
台灣中油,II6212C72,1,0,,1,1,1,1
台灣中油,II6212C73,1,0,,1,1,1,1
台灣中油,II6212C75,1,0,,1,1,1,1
台灣中油,II6212C76,0,0,,1,1,1,1
台灣中油,II6212C77,0,0,,1,1,0,1
台灣中油,KK6212A01,0,0,,1,1,1,1
台灣中油,KK6212A02,0,0,,1,1,1,1
台灣中油,KK6212A05,0,0,,1,1,0,1
台灣中油,KK6212A08,0,0,,1,1,0,1
台灣中油,KK6212A09,0,0,,1,1,1,1
台灣中油,KK6212A10,0,0,,1,1,1,1
台灣中油,KK6212A11,0,0,,1,1,0,1
台灣中油,KK6212A14,0,0,,1,1,1,1
台灣中油,KK6212A28,0,0,,1,1,1,1
台灣中油,KK6212A35,0,0,,1,1,1,1
台灣中油,KK6212A36,0,0,,1,1,1,1
台灣中油,KK6212A37,0,0,,1,1,1,1
台灣中油,KK6212A43,1,0,,1,1,1,1
台灣中油,KK6212A45,0,0,,1,1,0,1
台灣中油,KK6212A46,1,0,,1,1,1,1
台灣中油,KK6212A47,1,0,,1,1,1,1
台灣中油,KK6212A48,0,0,,1,1,0,1
台灣中油,KK6212A50,1,0,,1,1,1,1
台灣中油,KK6212A51,0,0,,1,1,1,1
台灣中油,LL6212A02,0,0,,1,1,0,1
台灣中油,LL6212A03,0,0,,1,1,1,1
台灣中油,LL6212A06,0,0,,1,1,0,1
台灣中油,LL6212A07,0,0,,1,1,1,1
台灣中油,LL6212A09,0,0,,1,1,1,1
台灣中油,LL6212A10,0,0,,1,1,0,1
台灣中油,LL6212A14,0,0,,1,1,1,1
台灣中油,LL6212A17,0,0,,1,1,1,1
台灣中油,LL6212A20,0,0,,1,1,1,1
台灣中油,LL6212A21,0,0,,1,1,1,1
台灣中油,LL6212A22,1,0,,1,1,1,1
台灣中油,LL6212A23,0,0,,1,1,1,1
台灣中油,LL6212A24,0,0,,1,1,1,1
台灣中油,LL6212A25,1,0,,1,1,1,1
台灣中油,LL6212A26,1,0,,1,1,1,1
台灣中油,LL6212A29,0,0,,1,1,1,1
台灣中油,LL6212A30,0,0,,1,1,1,1
台灣中油,LL6212A33,0,0,,1,1,0,1
台灣中油,LL6212A34,0,0,,1,1,0,1
台灣中油,LL6212A35,0,0,,1,1,1,1
台灣中油,LL6212A38,0,0,,1,1,1,1
台灣中油,LL6212A39,1,0,,1,1,0,1
台灣中油,LL6212A41,0,0,,1,1,1,1
台灣中油,LL6212A42,1,0,,1,1,0,1
台灣中油,LL6212A44,0,0,,1,1,0,1
台灣中油,LL6212A45,0,0,,1,1,1,1
台灣中油,LL6212A47,0,0,,1,1,1,1
台灣中油,LL6212A48,0,0,,1,1,0,1
台灣中油,LL6212A49,1,0,,1,1,1,1
台灣中油,LL6212A51,0,0,,1,1,0,1
台灣中油,LL6212A52,0,0,,1,1,1,1
台灣中油,LL6212A53,0,0,,1,1,1,1
台灣中油,LL6212W03,0,0,,0,0,0,0
台灣中油,MM6212A01,0,0,,1,1,0,1
台灣中油,MM6212A03,0,0,,1,1,0,1
台灣中油,MM6212A05,0,0,,1,1,0,1
台灣中油,MM6212A06,0,0,,1,1,0,1
台灣中油,MM6212A07,0,0,,1,1,0,1
台灣中油,MM6212A09,0,0,,1,1,0,1
台灣中油,MM6212A10,0,0,,1,1,0,1
台灣中油,MM6212A11,0,0,,1,1,0,1
台灣中油,NN6212A01,0,0,,1,1,0,0
台灣中油,NN6212A13,0,0,,1,1,1,1
台灣中油,NN6212A15,0,0,,0,1,0,1
台灣中油,NN6212A20,1,0,,1,1,1,1
台灣中油,NN6212A21,0,0,,1,1,0,1
台灣中油,NN6212A26,0,0,,1,1,1,1
台灣中油,NN6212A30,0,0,,1,1,1,1
台灣中油,NN6212A31,0,0,,1,1,1,1
台灣中油,NN6212A39,0,0,,1,1,0,1
台灣中油,NN6212A41,0,0,,1,1,1,1
台灣中油,NN6212A53,1,0,,1,1,0,1
台灣中油,NN6212A54,0,0,,1,1,0,1
台灣中油,NN6212A55,0,0,,1,1,1,1
台灣中油,NN6212A60,0,0,,1,1,0,1
台灣中油,NN6212A62,0,0,,1,1,1,1
台灣中油,NN6212A63,0,0,,1,1,1,1
台灣中油,NN6212A66,0,0,,1,1,1,1
台灣中油,NN6212A69,1,0,,1,1,1,1
台灣中油,NN6212A73,0,0,,1,1,0,1
台灣中油,NN6212A74,0,0,,1,1,0,1
台灣中油,NN6212A76,0,0,,1,1,1,1
台灣中油,NN6212A77,0,0,,1,1,1,1
台灣中油,NN6212A78,0,0,,1,1,0,1
台灣中油,NN6212A80,0,0,,1,1,1,1
台灣中油,NN6212A81,0,0,,1,1,0,1
台灣中油,NN6212A82,1,0,,1,1,1,1
台灣中油,NN6212A83,0,0,,1,1,1,1
台灣中油,NN6212A85,0,0,,1,1,1,1
台灣中油,NN6212A87,0,0,,1,1,1,1
台灣中油,NN6212A88,0,0,,1,1,1,1
台灣中油,NN6212A89,1,0,,1,1,1,1
台灣中油,NN6212A92,0,0,,1,1,1,1
台灣中油,NN6212A96,0,0,,1,1,1,1
台灣中油,NN6212B01,0,0,,1,1,1,1
台灣中油,NN6212B04,0,0,,1,1,0,1
台灣中油,NN6212B06,0,0,,1,1,0,1
台灣中油,NN6212B08,0,0,,1,1,1,1
台灣中油,NN6212B10,0,0,,1,1,1,1
台灣中油,NN6212B14,0,0,,1,1,1,1
台灣中油,NN6212B15,0,0,,1,1,1,1
台灣中油,NN6212B17,0,0,,1,1,1,1
台灣中油,NN6212B21,1,0,,1,1,1,1
台灣中油,NN6212B27,0,0,,1,1,1,1
台灣中油,NN6212B31,1,0,,1,1,0,1
台灣中油,NN6212B32,0,0,,1,1,0,1
台灣中油,NN6212B33,0,0,,1,1,0,1
台灣中油,NN6212B34,0,0,,1,1,1,1
台灣中油,NN6212B38,0,0,,1,1,1,1
台灣中油,NN6212B42,0,0,,1,1,0,1
台灣中油,NN6212B44,1,0,,1,1,0,1
台灣中油,NN6212B45,0,0,,1,1,1,1
台灣中油,NN6212B47,0,0,,1,1,1,1
台灣中油,NN6212B53,0,0,,1,1,1,1
台灣中油,NN6212B58,1,0,,1,1,1,1
台灣中油,NN6212B61,1,0,,1,1,1,1
台灣中油,NN6212B63,0,0,,1,1,0,1
台灣中油,NN6212B64,0,0,,1,1,1,1
台灣中油,NN6212B65,1,0,,1,1,1,1
台灣中油,NN6212B66,1,0,,1,1,1,1
台灣中油,NN6212B71,0,0,,1,1,1,1
台灣中油,NN6212B76,0,0,,1,1,0,1
台灣中油,NN6212B78,0,0,,1,1,1,1
台灣中油,NN6212B82,0,0,,1,1,0,1
台灣中油,NN6212B83,1,0,,1,1,1,1
台灣中油,NN6212B89,0,0,,1,1,0,1
台灣中油,NN6212B90,0,0,,1,1,0,1
台灣中油,NN6212C05,0,0,,1,1,0,1
台灣中油,NN6212C06,0,0,,1,1,0,1
台灣中油,NN6212C07,1,0,,1,1,1,1
台灣中油,NN6212C11,1,0,,1,1,1,1
台灣中油,NN6212C12,1,0,,1,1,1,1
台灣中油,NN6212C13,0,0,,1,1,0,1
台灣中油,NN6212C15,1,0,,1,1,1,1
台灣中油,NN6212C17,0,0,,1,1,0,1
台灣中油,NN6212C20,1,0,,1,1,1,1
台灣中油,NN6212C21,0,0,,1,1,0,1
台灣中油,NN6212C22,0,0,,1,1,1,1
台灣中油,NN6212C23,0,0,,1,1,1,1
台灣中油,NN6212C24,0,0,,1,1,0,1
台灣中油,NN6212C25,0,0,,1,1,1,1
台灣中油,NN6212C47,0,0,,1,1,0,1
台灣中油,NN6212C52,0,0,,1,1,0,1
台灣中油,NN6212C53,1,0,,1,1,1,1
台灣中油,NN6212C56,0,0,,1,1,0,1
台灣中油,NN6212C57,1,0,,1,1,1,1
台灣中油,NN6212C59,1,0,,1,1,1,1
台灣中油,NN6212C60,0,0,,1,1,0,1
台灣中油,NN6212C65,0,0,,1,1,0,1
台灣中油,NN6212C67,0,0,,1,1,0,1
台灣中油,NN6212C68,0,0,,1,1,1,1
台灣中油,NN6212C69,0,0,,1,1,1,1
台灣中油,NN6212C71,1,0,,1,1,1,1
台灣中油,NN6212C74,0,0,,1,1,1,1
台灣中油,NN6212C75,0,0,,1,1,0,1
台灣中油,NN6212C77,0,0,,1,1,0,1
台灣中油,NN6212C79,0,0,,1,1,1,1
台灣中油,NN6212C80,0,0,,1,1,1,1
台灣中油,NN6212C82,0,0,,1,1,1,1
台灣中油,NN6212C83,0,0,,1,1,1,1
台灣中油,NN6212C86,0,0,,1,1,0,1
台灣中油,NN6212C87,0,0,,1,1,1,1
台灣中油,NN6212C88,0,0,,1,1,1,1
台灣中油,NN6212C89,0,0,,1,1,0,1
台灣中油,NN6212C90,0,0,,1,1,1,1
台灣中油,NN6212C91,0,0,,1,1,1,1
台灣中油,NN6212C92,0,0,,1,1,0,1
台灣中油,NN6212C93,0,0,,1,1,1,1
台灣中油,NN6212C94,0,0,,1,1,1,1
台灣中油,NN6212C95,0,0,,1,1,1,1
台灣中油,NN6212C96,0,0,,1,1,0,1
台灣中油,NN6212C97,0,0,,1,1,0,1
台灣中油,NN6212C98,0,0,,1,1,1,0
台灣中油,NN6212D02,0,0,,1,1,1,1
台灣中油,NN6212D03,0,0,,1,1,1,1
台灣中油,NN6212D04,0,0,,1,1,1,1
台灣中油,NN6212D05,0,0,,1,1,1,1
台灣中油,NN6212D06,0,0,,1,1,1,1
台灣中油,NN6212D07,1,0,,1,1,1,1
台灣中油,NN6212D08,1,0,,1,1,1,1
台灣中油,NN6212D09,0,0,,1,1,1,1
台灣中油,NN6212D10,0,0,,1,1,1,1
台灣中油,NN6212D11,1,0,,1,1,1,1
台灣中油,NN6212D12,0,0,,1,1,1,1
台灣中油,NN6212D13,1,0,,1,1,0,1
台灣中油,NN6212D14,0,0,,1,1,1,1
台灣中油,NN6212D15,1,0,,1,1,1,1
台灣中油,NN6212W01,0,0,,0,0,0,0
台灣中油,SS6212A01,0,0,,1,1,0,1
台灣中油,SS6212A02,0,0,,1,1,0,1
台灣中油,SS6212A05,0,0,,1,1,0,1
台灣中油,SS6212A09,0,0,,1,1,0,1
台灣中油,SS6212A10,0,0,,1,1,0,1
台灣中油,SS6212A11,0,0,,1,1,1,0
台灣中油,SS6212A16,1,0,,1,1,0,1
台灣中油,SS6212A17,0,0,,1,1,0,1
台灣中油,SS6212A19,0,0,,1,1,1,0
台灣中油,SS6212A20,0,0,,1,1,1,1
台灣中油,SS6212A23,0,0,,1,1,1,0
台灣中油,SS6212A27,0,0,,1,1,1,1
台灣中油,SS6212A29,0,0,,1,1,0,1
台灣中油,SS6212A30,0,0,,1,1,1,1
台灣中油,SS6212A32,0,0,,1,1,0,1
台灣中油,SS6212A35,1,0,,1,1,1,1
台灣中油,SS6212A36,0,0,,1,1,0,1
台灣中油,SS6212A41,0,0,,1,1,0,1
台灣中油,SS6212A45,0,0,,1,1,1,1
台灣中油,SS6212A46,0,0,,1,1,1,1
台灣中油,SS6212A48,0,0,,1,1,0,1
台灣中油,SS6212A53,0,0,,1,1,1,1
台灣中油,SS6212A59,1,0,,1,1,1,1
台灣中油,SS6212A62,1,0,,1,1,1,1
台灣中油,SS6212A63,0,0,,1,1,1,1
台灣中油,SS6212A65,0,0,,1,1,0,1
台灣中油,SS6212A72,0,0,,1,1,1,1
台灣中油,SS6212A77,0,0,,1,1,1,1
台灣中油,SS6212A78,0,0,,1,1,0,1
台灣中油,SS6212A79,1,0,,1,1,1,1
台灣中油,SS6212A80,1,0,,1,1,1,1
台灣中油,SS6212A83,0,0,,1,1,0,1
台灣中油,SS6212A85,1,0,,1,1,1,1
台灣中油,SS6212A86,0,0,,1,1,0,1
台灣中油,SS6212A87,0,0,,1,1,1,1
台灣中油,SS6212A89,0,0,,1,1,0,1
台灣中油,SS6212A90,0,0,,1,1,0,1
台灣中油,SS6212A96,0,0,,1,1,1,1
台灣中油,SS6212A97,1,0,,1,1,1,0
台灣中油,SS6212A99,0,0,,1,1,0,1
台灣中油,SS6212B01,0,0,,1,1,1,1
台灣中油,SS6212B06,0,0,,1,1,1,1
台灣中油,SS6212B08,0,0,,1,1,1,1
台灣中油,SS6212B12,1,0,,1,1,0,1
台灣中油,SS6212B15,1,0,,1,1,1,1
台灣中油,SS6212B27,0,0,,1,1,1,1
台灣中油,SS6212B28,0,0,,1,1,0,1
台灣中油,SS6212B29,0,0,,1,1,0,1
台灣中油,SS6212B31,0,0,,1,1,0,1
台灣中油,SS6212B33,0,0,,1,1,1,1
台灣中油,SS6212B34,1,0,,1,1,0,1
台灣中油,SS6212B38,0,0,,1,1,1,1
台灣中油,SS6212B39,0,0,,1,1,0,1
台灣中油,SS6212B42,0,0,,1,1,0,1
台灣中油,SS6212B43,0,0,,1,1,0,1
台灣中油,SS6212B44,1,0,,1,1,1,1
台灣中油,SS6212B45,0,0,,1,1,1,1
台灣中油,SS6212B46,1,0,,1,1,1,1
台灣中油,SS6212B48,0,0,,1,1,0,1
台灣中油,SS6212B50,0,0,,1,1,0,1
台灣中油,SS6212B51,0,0,,1,1,0,1
台灣中油,SS6212B55,0,0,,1,1,1,1
台灣中油,SS6212B64,1,0,,1,1,1,1
台灣中油,SS6212B66,1,0,,1,1,0,1
台灣中油,SS6212B69,1,0,,1,1,1,1
台灣中油,SS6212B70,0,0,,1,1,1,1
台灣中油,SS6212B73,0,0,,1,1,1,1
台灣中油,SS6212B76,1,0,,1,1,0,1
台灣中油,SS6212B77,0,0,,1,1,0,1
台灣中油,SS6212B78,1,0,,1,1,0,1
台灣中油,SS6212B81,0,0,,1,1,1,1
台灣中油,SS6212B83,0,0,,1,1,0,1
台灣中油,SS6212B86,1,0,,1,1,0,1
台灣中油,SS6212B87,1,0,,1,1,1,1
台灣中油,SS6212B89,0,0,,1,1,1,1
台灣中油,SS6212B92,0,0,,1,1,0,1
台灣中油,SS6212B96,0,0,,1,1,0,1
台灣中油,SS6212C05,0,0,,1,1,1,1
台灣中油,SS6212C06,0,0,,1,1,1,1
台灣中油,SS6212C07,1,0,,1,1,0,1
台灣中油,SS6212C09,1,0,,1,1,1,1
台灣中油,SS6212C10,0,0,,1,1,0,1
台灣中油,SS6212C12,1,0,,1,1,1,1
台灣中油,SS6212C15,0,0,,1,1,0,1
台灣中油,SS6212C16,1,0,,1,1,1,1
台灣中油,SS6212C23,1,0,,1,1,1,1
台灣中油,SS6212C24,1,0,,1,1,1,1
台灣中油,SS6212C25,1,0,,1,1,1,1
台灣中油,SS6212C27,1,0,,1,1,1,1
台灣中油,SS6212C30,0,0,,1,1,0,1
台灣中油,SS6212C34,0,0,,1,1,1,1
台灣中油,SS6212C35,0,0,,1,1,1,1
台灣中油,SS6212C38,0,0,,1,1,1,1
台灣中油,SS6212C39,0,0,,1,1,1,1
台灣中油,SS6212C42,0,0,,1,1,0,1
台灣中油,SS6212C49,0,0,,1,1,0,1
台灣中油,SS6212C50,0,0,,1,1,0,1
台灣中油,SS6212C51,0,0,,1,1,0,1
台灣中油,SS6212C52,0,0,,1,1,0,1
台灣中油,SS6212C53,1,0,,1,1,0,1
台灣中油,SS6212C54,0,0,,1,1,1,1
台灣中油,SS6212C58,0,0,,1,1,1,1
台灣中油,SS6212C60,0,0,,1,1,0,1
台灣中油,SS6212C65,0,0,,1,1,0,1
台灣中油,SS6212C66,0,0,,1,1,1,1
台灣中油,SS6212C69,1,0,,1,1,1,1
台灣中油,SS6212C70,1,0,,1,1,1,1
台灣中油,SS6212C71,1,0,,1,1,1,1
台灣中油,SS6212C75,0,0,,1,1,0,1
台灣中油,SS6212C77,1,0,,1,1,1,1
台灣中油,SS6212C78,0,0,,1,1,0,1
台灣中油,SS6212C80,0,0,,1,1,0,1
台灣中油,SS6212C84,0,0,,1,1,0,1
台灣中油,SS6212C85,1,0,,1,1,0,1
台灣中油,SS6212C86,0,0,,1,1,1,1
台灣中油,SS6212C90,1,0,,1,1,0,1
台灣中油,SS6212C91,0,0,,1,1,1,1
台灣中油,SS6212C92,0,0,,1,1,1,1
台灣中油,SS6212C93,0,0,,0,1,0,1
台灣中油,SS6212C96,1,0,,1,1,1,1
台灣中油,SS6212C97,0,0,,0,1,0,1
台灣中油,SS6212C98,0,0,,1,1,1,1
台灣中油,SS6212D03,1,0,,1,1,1,1
台灣中油,SS6212D06,0,0,,1,1,1,1
台灣中油,SS6212D07,1,0,,1,1,1,1
台灣中油,SS6212D10,1,0,,1,1,1,1
台灣中油,SS6212D17,0,0,,1,1,0,1
台灣中油,SS6212D18,0,0,,1,1,0,1
台灣中油,SS6212D19,1,0,,1,1,1,1
台灣中油,SS6212D20,0,0,,1,1,0,1
台灣中油,SS6212D21,1,0,,1,1,0,1
台灣中油,SS6212D22,0,0,,1,1,1,1
台灣中油,SS6212D24,1,0,,1,1,1,1
台灣中油,SS6212D27,0,0,,0,1,0,0
台灣中油,SS6212D28,0,0,,1,1,1,1
台灣中油,SS6212D31,0,0,,0,1,0,1
台灣中油,SS6212D32,0,0,,1,1,1,1
台灣中油,SS6212D33,1,0,,1,1,1,1
台灣中油,SS6212D36,0,0,,1,1,1,1
台灣中油,SS6212D48,0,0,,1,1,1,1
台灣中油,SS6212D51,0,0,,1,1,1,1
台灣中油,SS6212D55,0,0,,1,1,0,1
台灣中油,SS6212D57,1,0,,1,1,1,1
台灣中油,SS6212D58,1,0,,1,1,1,1
台灣中油,SS6212D59,0,0,,1,1,0,1
台灣中油,SS6212D60,1,0,,1,1,1,1
台灣中油,SS6212D62,0,0,,1,1,0,1
台灣中油,SS6212D63,1,0,,1,1,1,1
台灣中油,SS6212D64,0,0,,1,1,1,1
台灣中油,SS6212D65,0,0,,1,1,0,1
台灣中油,SS6212D68,1,0,,1,1,0,1
台灣中油,SS6212D74,1,0,,1,1,1,1
台灣中油,SS6212D76,1,0,,1,1,1,1
台灣中油,SS6212D78,0,0,,0,1,0,1
台灣中油,SS6212D80,1,0,,1,1,1,1
台灣中油,SS6212D93,0,0,,1,1,0,1
台灣中油,SS6212D94,0,0,,0,1,0,1
台灣中油,SS6212D95,0,0,,1,1,1,1
台灣中油,SS6212D96,0,0,,1,1,0,1
台灣中油,SS6212D98,0,0,,1,1,1,1
台灣中油,SS6212E01,0,0,,1,1,1,1
台灣中油,SS6212E03,1,0,,1,1,1,1
台灣中油,SS6212E04,0,0,,1,1,1,1
台灣中油,SS6212E05,1,0,,1,1,1,1
台灣中油,SS6212E07,1,0,,1,1,1,1
台灣中油,SS6212E11,0,0,,1,1,0,1
台灣中油,SS6212E14,0,0,,1,1,1,1
台灣中油,SS6212E15,1,0,,1,1,1,1
台灣中油,SS6212E19,1,0,,1,1,1,1
台灣中油,SS6212E20,0,0,,0,0,0,1
台灣中油,SS6212E21,0,0,,1,1,1,1
台灣中油,SS6212E22,0,0,,1,1,1,1
台灣中油,SS6212E23,0,0,,1,1,1,1
台灣中油,SS6212E24,1,0,,1,1,0,1
台灣中油,SS6212E25,1,0,,1,1,0,1
台灣中油,SS6212E26,0,0,,1,1,0,1
台灣中油,SS6212E27,0,0,,0,1,0,1
台灣中油,SS6212E29,0,0,,1,1,1,1
台灣中油,SS6212E30,0,0,,1,1,1,1
台灣中油,SS6212E31,1,0,,1,1,1,1
台灣中油,SS6212E32,0,0,,1,1,0,1
台灣中油,SS6212E33,1,0,,1,1,1,1
台灣中油,SS6212E34,0,0,,1,1,1,1
台灣中油,SS6212E35,1,0,,1,1,1,1
台灣中油,SS6212E36,1,0,,1,1,1,0
台灣中油,SS6212E37,1,0,,1,1,1,1
台灣中油,SS6212E38,0,0,,1,1,1,1
台灣中油,SS6212E39,0,0,,1,1,1,1
台灣中油,SS6212E40,1,0,,1,1,1,1
台灣中油,SS6212E41,1,0,,1,1,1,1
台灣中油,SS6212E42,0,0,,1,1,1,1
台灣中油,SS6212E43,0,0,,1,1,1,0
台灣中油,SS6212E44,1,0,,1,1,0,1
台灣中油,SS6212E45,1,0,,1,1,0,1
台灣中油,SS6212E46,1,0,,1,1,0,1
台灣中油,SS6212E47,0,0,,1,1,0,1
台灣中油,SS6212E48,1,0,,1,1,1,1
台灣中油,SS6212E49,0,0,,1,1,0,1
台灣中油,SS6212E50,1,0,,1,1,1,1
台灣中油,SS6212E51,1,0,,1,1,1,1
台灣中油,SS6212E52,0,0,,1,1,1,1
台灣中油,SS6212E53,1,0,,1,1,1,0
台灣中油,SS6212E54,1,0,,1,1,1,1
台灣中油,SS6212E55,1,0,,1,1,1,1
台灣中油,SS6212E57,1,0,,1,1,1,1
台灣中油,SS6212E59,0,0,,0,1,0,1
台灣中油,SS6212E60,1,0,,1,1,1,1
台灣中油,SS6212E61,0,0,,1,1,1,1
台灣中油,SS6212E62,0,0,,1,1,1,1
台灣中油,SS6212E63,0,0,,1,1,0,1
台灣中油,SS6212E64,1,0,,1,1,1,1
台灣中油,SS6212E66,0,0,,1,1,1,1
台灣中油,SS6212E67,0,0,,1,1,1,1
台灣中油,SS6212E68,0,0,,0,1,0,1
台灣中油,SS6212E69,1,0,,1,1,1,1
台灣中油,SS6212E70,1,0,,1,1,1,1
台灣中油,SS6212E71,1,0,,1,1,1,1
台灣中油,SS6212E72,1,0,,1,1,1,1
台灣中油,SS6212E73,0,0,,1,1,0,1
台灣中油,SS6212E74,0,0,,0,1,0,1
台灣中油,SS6212E75,0,0,,1,1,1,1
台灣中油,SS6212E76,0,0,,0,1,0,1
台灣中油,SS6212E77,1,0,,1,1,1,1
台灣中油,SS6212E78,1,0,,1,1,1,1
台灣中油,SS6212E79,1,0,,1,1,1,1
台灣中油,SS6212E80,0,0,,1,1,1,1
台灣中油,SS6212W01,0,0,,0,0,0,0
台灣中油,SS6212W03,0,0,,0,0,0,0
台灣中油,SS6212W07,0,0,,0,0,0,0
台灣中油,TT6212A02,0,0,,1,1,1,0
台灣中油,TT6212A03,0,0,,1,1,0,0
台灣中油,TT6212A05,0,0,,1,1,1,1
台灣中油,TT6212A09,1,0,,1,1,1,1
台灣中油,TT6212A10,1,0,,1,1,1,1
台灣中油,TT6212A16,0,0,,1,1,1,1
台灣中油,TT6212A17,1,0,,1,1,1,1
台灣中油,TT6212A18,0,0,,1,1,1,1
台灣中油,TT6212A21,1,0,,1,1,1,1
台灣中油,TT6212A24,1,0,,1,1,1,1
台灣中油,TT6212A25,0,0,,1,1,1,1
台灣中油,TT6212A28,1,0,,1,1,1,1
台灣中油,TT6212A30,0,0,,1,1,1,0
台灣中油,TT6212A31,0,0,,1,1,1,1
台灣中油,TT6212A34,0,0,,1,1,1,1
台灣中油,TT6212A37,1,0,,1,1,1,1
台灣中油,TT6212A39,1,0,,1,1,1,1
台灣中油,TT6212A44,0,0,,1,1,0,1
台灣中油,TT6212A46,0,0,,1,1,1,1
台灣中油,TT6212A50,1,0,,1,1,1,1
台灣中油,TT6212A51,1,0,,1,1,1,1
台灣中油,TT6212A53,1,0,,1,1,1,1
台灣中油,TT6212A55,1,0,,1,1,1,1
台灣中油,TT6212A59,1,0,,1,1,1,1
台灣中油,TT6212A60,1,0,,1,1,1,1
台灣中油,TT6212A61,1,0,,1,1,1,1
台灣中油,TT6212A62,1,0,,1,1,1,1
台灣中油,TT6212A67,0,0,,1,1,1,1
台灣中油,TT6212A71,0,0,,1,1,1,1
台灣中油,TT6212A72,1,0,,1,1,1,1
台灣中油,TT6212A73,0,0,,1,1,0,1
台灣中油,TT6212A74,0,0,,1,1,1,1
台灣中油,TT6212A78,1,0,,1,1,1,1
台灣中油,TT6212A80,1,0,,1,1,1,1
台灣中油,TT6212A83,0,0,,1,1,1,1
台灣中油,TT6212A88,0,0,,1,1,1,1
台灣中油,TT6212A89,0,0,,1,1,1,1
台灣中油,TT6212A95,0,0,,1,1,1,1
台灣中油,TT6212A98,0,0,,1,1,1,1
台灣中油,TT6212B03,0,0,,1,1,1,1
台灣中油,TT6212B06,0,0,,1,1,1,1
台灣中油,TT6212B08,0,0,,1,1,1,1
台灣中油,TT6212B09,0,0,,1,1,1,1
台灣中油,TT6212B10,0,0,,1,1,1,0
台灣中油,TT6212B17,0,0,,1,1,1,1
台灣中油,TT6212B20,0,0,,1,1,1,1
台灣中油,TT6212B24,0,0,,1,1,1,1
台灣中油,TT6212B27,1,0,,1,1,1,1
台灣中油,TT6212B28,1,0,,1,1,1,1
台灣中油,TT6212B30,1,0,,1,1,1,1
台灣中油,TT6212B31,0,0,,1,1,1,1
台灣中油,TT6212B33,1,0,,1,1,1,1
台灣中油,TT6212B35,0,0,,1,1,1,1
台灣中油,TT6212B40,0,0,,1,1,1,1
台灣中油,TT6212B42,1,0,,1,1,1,1
台灣中油,TT6212B43,0,0,,1,1,1,1
台灣中油,TT6212B48,0,0,,1,1,1,1
台灣中油,TT6212B51,0,0,,1,1,1,1
台灣中油,TT6212B53,1,0,,1,1,1,1
台灣中油,TT6212B61,0,0,,1,1,1,1
台灣中油,TT6212B63,1,0,,1,1,1,1
台灣中油,TT6212B68,1,0,,1,1,1,1
台灣中油,TT6212B69,1,0,,1,1,1,1
台灣中油,TT6212B72,0,0,,1,1,1,1
台灣中油,TT6212B79,0,0,,1,1,1,1
台灣中油,TT6212B80,1,0,,1,1,1,1
台灣中油,TT6212B81,1,0,,1,1,1,1
台灣中油,TT6212B82,1,0,,1,1,1,1
台灣中油,TT6212B85,0,0,,1,1,1,1
台灣中油,TT6212B88,1,0,,1,1,1,1
台灣中油,TT6212B93,1,0,,1,1,1,1
台灣中油,TT6212B95,0,0,,1,1,1,1
台灣中油,TT6212C07,1,0,,1,1,1,1
台灣中油,TT6212C09,1,0,,1,1,1,1
台灣中油,TT6212C10,1,0,,1,1,1,1
台灣中油,TT6212C16,0,0,,1,1,1,1
台灣中油,TT6212C18,0,0,,1,1,1,1
台灣中油,TT6212C22,0,0,,1,1,1,1
台灣中油,TT6212C23,0,0,,1,1,1,1
台灣中油,TT6212C34,0,0,,1,1,1,1
台灣中油,TT6212C35,0,0,,1,1,1,1
台灣中油,TT6212C37,1,0,,1,1,1,1
台灣中油,TT6212C38,1,0,,1,1,1,1
台灣中油,TT6212C39,1,0,,1,1,1,1
台灣中油,TT6212C40,1,0,,1,1,1,1
台灣中油,TT6212C41,1,0,,1,1,1,1
台灣中油,TT6212C42,0,0,,1,1,1,1
台灣中油,TT6212C44,0,0,,1,1,1,1
台灣中油,TT6212C46,0,0,,1,1,1,1
台灣中油,TT6212C47,1,0,,1,1,0,1
台灣中油,TT6212C48,0,0,,1,1,1,0
台灣中油,TT6212C54,0,0,,1,1,1,1
台灣中油,TT6212C57,0,0,,1,1,1,1
台灣中油,TT6212C59,1,0,,1,1,1,1
台灣中油,TT6212C68,1,0,,1,1,1,1
台灣中油,TT6212C70,0,0,,1,1,1,0
台灣中油,TT6212C76,1,0,,1,1,1,1
台灣中油,TT6212C78,1,0,,1,1,1,1
台灣中油,TT6212C79,1,0,,1,1,1,0
台灣中油,TT6212C81,1,0,,1,1,1,1
台灣中油,TT6212C83,1,0,,1,1,1,1
台灣中油,TT6212C85,0,0,,1,1,1,1
台灣中油,TT6212C91,1,0,,1,1,1,1
台灣中油,TT6212C92,1,0,,1,1,1,1
台灣中油,TT6212C93,1,0,,1,1,1,1
台灣中油,TT6212C95,1,0,,1,1,1,1
台灣中油,TT6212C96,0,0,,1,1,1,1
台灣中油,TT6212C97,1,0,,1,1,1,1
台灣中油,TT6212C98,0,0,,1,1,1,1
台灣中油,TT6212C99,1,0,,1,1,0,1
台灣中油,TT6212D01,1,0,,1,1,1,1
台灣中油,TT6212D02,0,0,,1,1,1,1
台灣中油,TT6212D03,1,0,,1,1,1,1
台灣中油,TT6212D04,1,0,,1,1,1,1
台灣中油,TT6212D05,1,0,,1,1,1,1
台灣中油,TT6212D07,1,0,,1,1,1,1
台灣中油,TT6212D08,1,0,,1,1,1,1
台灣中油,TT6212D11,1,0,,1,1,1,1
台灣中油,TT6212D12,1,0,,1,1,1,1
台灣中油,TT6212D13,1,0,,1,1,1,1
台灣中油,TT6212D14,1,0,,1,1,1,1
台灣中油,TT6212D15,1,0,,1,1,1,1
台灣中油,TT6212D16,1,0,,1,1,1,1
台灣中油,TT6212D17,1,0,,1,1,1,1
台灣中油,TT6212D18,0,0,,1,1,1,1
台灣中油,TT6212D19,1,0,,1,1,1,1
台灣中油,TT6212D20,0,0,,1,1,1,1
台灣中油,TT6212D21,0,0,,1,1,1,1
台灣中油,TT6212D22,0,0,,1,1,1,1
台灣中油,TT6212D23,1,0,,1,1,1,1
台灣中油,TT6212D24,1,0,,0,1,1,0
台灣中油,TT6212D25,1,0,,1,1,1,1
台灣中油,TT6212D26,1,0,,1,1,1,1
台灣中油,TT6212D27,0,0,,1,1,1,1
台灣中油,TT6212D28,1,0,,1,1,1,1
台灣中油,UU6212A03,0,0,,1,1,0,1
台灣中油,UU6212A04,0,0,,1,1,0,1
台灣中油,UU6212A07,0,0,,1,1,1,1
台灣中油,UU6212A08,0,0,,1,1,1,1
台灣中油,UU6212A10,0,0,,1,1,1,1
台灣中油,UU6212A14,0,0,,1,1,0,1
台灣中油,UU6212A17,1,0,,1,1,1,1
台灣中油,UU6212A20,0,0,,1,1,0,1
台灣中油,UU6212A22,0,0,,1,1,1,1
台灣中油,UU6212A23,0,0,,1,1,1,1
台灣中油,UU6212A25,0,0,,1,1,1,1
台灣中油,UU6212A27,0,0,,1,1,0,1
台灣中油,UU6212A30,0,0,,1,1,1,1
台灣中油,UU6212A31,0,0,,1,1,1,1
台灣中油,UU6212A32,0,0,,1,1,0,1
台灣中油,UU6212A33,0,0,,1,1,0,1
台灣中油,UU6212A34,0,0,,1,1,0,1
台灣中油,UU6212A35,0,0,,1,1,1,1
台灣中油,UU6212A36,0,0,,1,1,0,1
台灣中油,UU6212A37,0,0,,1,1,1,1
台灣中油,UU6212A38,1,0,,1,1,1,1
台灣中油,UU6212A39,0,0,,1,1,0,1
台灣中油,UU6212A43,0,0,,1,1,1,1
台灣中油,UU6212A46,0,0,,1,1,0,1
台灣中油,UU6212A48,0,0,,1,1,0,1
台灣中油,UU6212A49,0,0,,1,1,1,1
台灣中油,UU6212A50,0,0,,1,1,0,1
台灣中油,UU6212A51,1,0,,1,1,1,1
台灣中油,UU6212A52,0,0,,1,1,1,1
台灣中油,UU6212A53,0,0,,1,1,1,1
台灣中油,UU6212A54,0,0,,1,1,0,1
台灣中油,UU6212A56,0,0,,1,1,0,1
台灣中油,UU6212A57,0,0,,1,1,0,1
台灣中油,UU6212A58,0,0,,1,1,0,1
台灣中油,UU6212A59,1,0,,1,1,1,1
台灣中油,UU6212A60,0,0,,1,1,0,1
台灣中油,UU6212A61,1,0,,1,1,1,1
台灣中油,YY6212A02,0,0,,1,1,1,1
台灣中油,YY6212A04,0,0,,1,1,1,1
台灣中油,YY6212A09,0,0,,1,1,1,1
台灣中油,YY6212A15,0,0,,1,1,0,1
台灣中油,YY6212A16,0,0,,1,1,1,1
台灣中油,YY6212A18,1,0,,1,1,0,1
台灣中油,YY6212A20,0,0,,1,1,1,1
台灣中油,YY6212A22,0,0,,1,1,1,0
台灣中油,YY6212A25,0,0,,1,1,1,1
台灣中油,YY6212A28,0,0,,1,1,0,1
台灣中油,YY6212A39,0,0,,1,1,1,1
台灣中油,YY6212A41,0,0,,1,1,1,1
台灣中油,YY6212A42,0,0,,1,1,1,1
台灣中油,YY6212A45,0,0,,1,1,1,0
台灣中油,YY6212A49,0,0,,1,1,1,1
台灣中油,YY6212A52,0,0,,1,1,1,1
台灣中油,YY6212A55,0,0,,1,1,1,1
台灣中油,YY6212A60,0,0,,1,1,0,1
台灣中油,YY6212A63,0,0,,1,1,1,1
台灣中油,YY6212A67,1,0,,1,1,1,1
台灣中油,YY6212A70,0,0,,1,1,1,1
台灣中油,YY6212A71,0,0,,1,1,1,1
台灣中油,YY6212A78,0,0,,1,1,1,1
台灣中油,YY6212A81,0,0,,1,1,1,1
台灣中油,YY6212A82,0,0,,1,1,1,1
台灣中油,YY6212A83,0,0,,1,1,1,1
台灣中油,YY6212A84,0,0,,1,1,1,1
台灣中油,YY6212A85,0,0,,1,1,1,1
台灣中油,YY6212A90,0,0,,1,1,1,1
台灣中油,YY6212A92,0,0,,1,1,1,1
台灣中油,YY6212A96,1,0,,1,1,1,1
台灣中油,YY6212B11,0,0,,1,1,1,1
台灣中油,YY6212B14,0,0,,1,1,1,1
台灣中油,YY6212B15,0,0,,1,1,1,1
台灣中油,YY6212B20,0,0,,1,1,1,1
台灣中油,YY6212B34,0,0,,1,1,1,1
台灣中油,YY6212B36,0,0,,1,1,0,1
台灣中油,YY6212B46,1,0,,1,1,0,1
台灣中油,YY6212B61,1,0,,1,1,0,1
台灣中油,YY6212B69,0,0,,1,1,1,1
台灣中油,YY6212B79,0,0,,1,1,1,1
台灣中油,YY6212B80,0,0,,1,1,1,1
台灣中油,YY6212B81,0,0,,1,1,1,1
台灣中油,YY6212B83,1,0,,1,1,0,1
台灣中油,YY6212B84,1,0,,1,1,1,1
台灣中油,YY6212B85,0,0,,1,1,0,1
台灣中油,YY6212B96,1,0,,1,1,0,1
台灣中油,YY6212B99,1,0,,1,1,0,1
台灣中油,YY6212C03,0,0,,1,1,1,1
台灣中油,YY6212C10,1,0,,1,1,0,1
台灣中油,YY6212C13,1,0,,1,1,1,1
台灣中油,YY6212C14,1,0,,1,1,1,1
台灣中油,YY6212C15,1,0,,1,1,1,1
台灣中油,YY6212C18,1,0,,1,1,1,1
台灣中油,YY6212C20,1,0,,1,1,1,1
台灣中油,YY6212C21,1,0,,1,1,1,1
台灣中油,YY6212C22,1,0,,1,1,1,1
台灣中油,YY6212C23,0,0,,1,1,1,1
台灣中油,YY6212C24,1,0,,1,1,1,1
台灣中油,YY6212C26,1,0,,1,1,1,1
台灣中油,YY6212C30,1,0,,1,1,1,1
台灣中油,YY6212C31,0,0,,1,1,1,1
台灣中油,YY6212C34,1,0,,1,1,1,1
台灣中油,YY6212C36,0,0,,1,1,1,1
台灣中油,YY6212C38,0,0,,1,1,1,1
台灣中油,YY6212C39,0,0,,1,1,1,1
台灣中油,YY6212C41,0,0,,1,1,1,1
台灣中油,YY6212C43,1,0,,1,1,1,1
台灣中油,YY6212C44,0,0,,1,1,1,1
台灣中油,YY6212C45,1,0,,1,1,1,0
台灣中油,YY6212C47,0,0,,1,1,0,1
台灣中油,YY6212C48,0,0,,1,1,0,1
台灣中油,YY6212C49,0,0,,1,1,1,1
台灣中油,YY6212C50,1,0,,1,1,0,1
台灣中油,YY6212C55,0,0,,1,1,0,1
台灣中油,YY6212C56,1,0,,1,1,1,1
台灣中油,YY6212C60,0,0,,1,1,1,1
台灣中油,YY6212C66,1,0,,1,1,1,1
台灣中油,YY6212C67,1,0,,1,1,1,0
台灣中油,YY6212C82,0,0,,1,1,1,1
台灣中油,YY6212C85,0,0,,1,1,0,1
台灣中油,YY6212C87,1,0,,1,1,1,0
台灣中油,YY6212C88,0,0,,1,1,1,1
台灣中油,YY6212C92,0,0,,1,1,1,1
台灣中油,YY6212C94,1,0,,1,1,1,1
台灣中油,YY6212C98,0,0,,1,1,1,1
台灣中油,YY6212C99,0,0,,1,1,1,1
台灣中油,YY6212D01,0,0,,1,1,1,1
台灣中油,YY6212D04,0,0,,1,1,1,1
台灣中油,YY6212D05,0,0,,1,1,1,1
台灣中油,YY6212D08,1,0,,1,1,1,1
台灣中油,YY6212D16,1,0,,1,1,1,1
台灣中油,YY6212D17,0,0,,1,1,1,1
台灣中油,YY6212D18,1,0,,1,1,1,1
台灣中油,YY6212D19,1,0,,1,1,1,1
台灣中油,YY6212D20,1,0,,1,1,0,1
台灣中油,YY6212D21,0,0,,1,1,1,1
台灣中油,YY6212D22,0,0,,1,1,1,1
台灣中油,YY6212D23,0,0,,1,1,1,1
台灣中油,YY6212D24,1,0,,1,1,1,1
台灣中油,YY6212D25,0,0,,0,1,1,1
台灣中油,YY6212D26,1,0,,1,1,1,1
台灣中油,YY6212D27,0,0,,1,1,0,1
台灣中油,YY6212D28,1,0,,1,1,1,1
台灣中油,YY6212D29,1,0,,1,1,1,1
台灣中油,YY6212D30,0,0,,1,1,0,1
台灣中油,YY6212D31,0,0,,1,1,0,1
台灣中油,YY6212D32,0,0,,1,1,1,1
台灣中油,YY6212D34,1,0,,1,1,1,1
台灣中油,YY6212D35,1,0,,1,1,1,1
台灣中油,YY6212D36,1,0,,1,1,1,1
台灣中油,YY6212D37,0,0,,1,1,1,1
台灣中油,YY6212E01,0,0,,1,1,0,1
台灣中油,YY6212E02,0,0,,1,1,1,1
台灣中油,YY6212E04,0,0,,1,1,1,1
台灣中油,YY6212E05,0,0,,1,1,1,1
台灣中油,YY6212E08,1,0,,1,1,1,1
台灣中油,YY6212E10,1,0,,1,1,1,1
台灣中油,YY6212E12,1,0,,1,1,1,1
台灣中油,YY6212E14,0,0,,1,1,1,1
台灣中油,YY6212E18,0,0,,1,1,1,1
台灣中油,YY6212E22,0,0,,1,1,1,1
台灣中油,YY6212E23,0,0,,1,1,1,1
台灣中油,YY6212E24,1,0,,1,1,1,1
台灣中油,YY6212E26,1,0,,1,1,0,1
台灣中油,YY6212E27,0,0,,1,1,1,1
台灣中油,YY6212E28,0,0,,1,1,1,1
台灣中油,YY6212E29,1,0,,1,1,1,1
台灣中油,YY6212E30,0,0,,1,1,1,1
台灣中油,YY6212E31,1,0,,1,1,1,1
台灣中油,YY6212E32,1,0,,1,1,1,1
台灣中油,YY6212E33,1,0,,1,1,0,1
台灣中油,YY6212E34,1,0,,1,1,1,1
台灣中油,YY6212E35,1,0,,1,1,1,1
台灣中油,YY6212E36,1,0,,1,1,1,1
台灣中油,YY6212E37,1,0,,1,1,1,1
台灣中油,YY6212E38,0,0,,1,1,1,1
台灣中油,YY6212E39,0,0,,1,1,1,1
台灣中油,YY6212E40,0,0,,1,1,1,1
台灣中油,YY6212E41,1,0,,1,1,1,1
台灣中油,YY6212E42,1,0,,1,1,1,1
台灣中油,YY6212E43,1,0,,1,1,1,1
台灣中油,YY6212E45,1,0,,1,1,1,1
台灣中油,YY6212E46,1,0,,1,1,1,1
台灣中油,YY6212E47,1,0,,1,1,1,1
台灣中油,YY6212E48,1,0,,1,1,1,1
台灣中油,YY6212E49,1,0,,1,1,1,1
台灣中油,YY6212E50,1,0,,1,1,1,1
台灣中油,YY6212E58,1,0,,1,1,1,1
